index,case,kind,embedding_family,designed_crossings,reference_projection_crossings,crossing_gap_in_tube_radii,wl_hash,grid_size,thickness_fraction,radius_limit_world,radius_world,spacing_world,radius_vox,thick_enough,occupied_voxels,occupancy_fraction,voxelization_seconds,seed_nodes,seed_edges,expected_genus,volume_beta0,volume_beta1,volume_beta2,volume_chi,input_topology_pass,raw_nodes,raw_edges,raw_components,raw_cycle_rank,raw_max_degree,raw_connected,raw_subcubic,recovered_nodes,recovered_edges,recovered_components,recovered_cycle_rank,recovered_max_degree,recovered_connected,recovered_subcubic,recovered_graph_sha256,skeleton_voxels,skeleton_seconds,extraction_seconds,cycle_rank_match,abstract_isomorphic,true_yamada,true_yamada_error,recovered_yamada,recovered_yamada_error,recovered_yamada_graph_sha256,yamada_match,primary_topology_pass,overall_pass,recovery_error
0,control_trivial_theta,control,baseline_control,0,,,,200,0.9,0.1433501729120756,0.12901515562086804,0.012967679398461841,9.948977890074238,True,169108,0.0211385,0.25811479199910536,2,3,2,1,2,0,-1,True,2,3,1,2,3,True,True,2,3,1,2,3,True,True,69211fb6a6506cdd6036adb8c0d2405e4b26eaf6458949e3a9cbfa20dfbf0501,476,0.18272616702597588,0.010080125008244067,True,True,-A**4 - A**3 - 2*A**2 - A - 1,,-A**4 - A**3 - 2*A**2 - A - 1,,69211fb6a6506cdd6036adb8c0d2405e4b26eaf6458949e3a9cbfa20dfbf0501,True,True,True,
1,control_trefoil_theta,control,knotted_crossing_control,0,,,,200,0.9,0.28498242383529354,0.2564841814517642,0.023915281227436143,10.724698531143337,True,247170,0.03089625,0.4300300829927437,2,3,2,1,2,0,-1,True,2,3,1,2,3,True,True,2,3,1,2,3,True,True,9745ecbbd6843e8b90b2fd53dbd1b83e620da464a3688f8dc2375601f9f702ce,596,0.14391516699106432,0.009259708982426673,True,True,A**12 - A**8 - A**6 - A**4 - A**3 - A**2 - A - 1,,A**12 - A**8 - A**6 - A**4 - A**3 - A**2 - A - 1,,9745ecbbd6843e8b90b2fd53dbd1b83e620da464a3688f8dc2375601f9f702ce,True,True,True,
2,control_k4_genus3,control,spatial_control,0,,,,200,0.9,0.1260064284074426,0.11340578556669835,0.015097885416830785,7.511368806672497,True,137064,0.017133,0.10452741599874571,4,6,3,1,3,0,-2,True,4,6,1,3,3,True,True,4,6,1,3,3,True,True,c06bf712f1afd49fe412d479436d0ba794fa4968068c3d74af28f78cdefbd39f,540,0.10066879200167023,0.010384666995378211,True,True,-A**6 - 2*A**4 - 2*A**2 - 1,,-A**6 - 2*A**4 - 2*A**2 - 1,,c06bf712f1afd49fe412d479436d0ba794fa4968068c3d74af28f78cdefbd39f,True,True,True,
3,random_0000,random_cycle_chord,baseline,0,,,5ece6bdff7ea6a9025672e56fbda3d50,200,0.9,0.05099695598115782,0.04589726038304204,0.01119506485500291,4.099776194019209,True,44656,0.005582,0.07935579202603549,11,13,3,1,3,0,-2,True,4,6,1,3,3,True,True,4,6,1,3,3,True,True,d14c4ea29afafcaab21f47b4d4c6ba06c02f4ab214a4e1e9c5c316116cf3b3e5,736,0.044544999982463196,0.010504375008167699,True,False,-A**6 - A**5 - 3*A**4 - 2*A**3 - 3*A**2 - A - 1,,-A**6 - A**5 - 3*A**4 - 2*A**3 - 3*A**2 - A - 1,,d14c4ea29afafcaab21f47b4d4c6ba06c02f4ab214a4e1e9c5c316116cf3b3e5,True,True,True,
4,random_0001,random_cycle_chord,crossing_rich,3,3.0,13.090258903419361,b497a8280ab5258c0901c20c694e809b,200,0.9,0.05432368575424882,0.04889131717882394,0.011278323987471198,4.334980732344278,True,72513,0.009064125,0.0802233750000596,9,12,4,1,4,0,-3,True,6,9,1,4,3,True,True,6,9,1,4,3,True,True,5582c8ec6e22966f99753f051fed621f77e4cdd744ece4398451c88006cc603d,1113,0.08522808400448412,0.013685125013580546,True,False,A**14 + 2*A**12 + 2*A**11 - A**10 + 4*A**9 - 4*A**8 + 4*A**7 - 4*A**6 + 2*A**5 - 2*A**4 - A**3 - A**2 - A - 1,,A**14 + 2*A**12 + 2*A**11 - A**10 + 4*A**9 - 4*A**8 + 4*A**7 - 4*A**6 + 2*A**5 - 2*A**4 - A**3 - A**2 - A - 1,,5582c8ec6e22966f99753f051fed621f77e4cdd744ece4398451c88006cc603d,True,True,True,
5,random_0002,random_cycle_chord,baseline,0,,,4e9cca7c282396d17b6e561d68fe510e,200,0.9,0.058668033166334774,0.0528012298497013,0.01133247011644133,4.6592869257247305,True,66607,0.008325875,0.07797158401808701,10,13,4,1,4,0,-3,True,6,9,1,4,3,True,True,6,9,1,4,3,True,True,a8832f0b5316d3e07ce90dec93e23aba170dfe63841d1cf2c50f5fdabee01ccb,903,0.04699858301319182,0.0095544169889763,True,False,-A**8 - A**7 - 4*A**6 - 3*A**5 - 6*A**4 - 3*A**3 - 4*A**2 - A - 1,,-A**8 - A**7 - 4*A**6 - 3*A**5 - 6*A**4 - 3*A**3 - 4*A**2 - A - 1,,a8832f0b5316d3e07ce90dec93e23aba170dfe63841d1cf2c50f5fdabee01ccb,True,True,True,
6,random_0003,random_cycle_chord,crossing_rich,3,3.0,11.045244305270712,7e34be1a88a2550a4be4d370c1ec57a1,200,0.9,0.06438165525879531,0.057943489732915784,0.011462536987391046,5.055031865690331,True,104071,0.013008875,0.10401604202343151,11,15,5,1,5,0,-4,True,9,13,1,5,3,True,True,8,12,1,5,3,True,True,90d4fe38b3e8d6b05ac157671a7c6e3c0762e2e7c805c3d0185ed99b561583e5,1177,0.08694929201737978,0.015393665991723537,True,False,-A**10 + 2*A**9 - 5*A**8 + 6*A**7 - 9*A**6 + 8*A**5 - 9*A**4 + 6*A**3 - 5*A**2 + 2*A - 1,,-A**10 + 2*A**9 - 5*A**8 + 6*A**7 - 9*A**6 + 8*A**5 - 9*A**4 + 6*A**3 - 5*A**2 + 2*A - 1,,90d4fe38b3e8d6b05ac157671a7c6e3c0762e2e7c805c3d0185ed99b561583e5,True,True,True,
7,random_0004,random_cycle_chord,baseline,0,,,19fca4749c1a57391a2f17cdb3a8fecb,200,0.9,0.06687225946305965,0.06018503351675369,0.011519632365483876,5.224562000527492,True,71583,0.008947875,0.09941991697996855,11,13,3,1,3,0,-2,True,4,6,1,3,3,True,True,4,6,1,3,3,True,True,8ba7ed92a1105f7219c2f909b6565f4b212484be0aaa750807dd41f85f6fe1ae,769,0.05889020801987499,0.00972862500930205,True,False,-A**6 - A**5 - 3*A**4 - 2*A**3 - 3*A**2 - A - 1,,-A**6 - A**5 - 3*A**4 - 2*A**3 - 3*A**2 - A - 1,,8ba7ed92a1105f7219c2f909b6565f4b212484be0aaa750807dd41f85f6fe1ae,True,True,True,
8,random_0005,random_cycle_chord,crossing_rich,3,3.0,13.506526467301438,6cae8dd6dca8ab370494a907f81c49aa,200,0.9,0.05264944416557968,0.04738449974902171,0.011216217227728476,4.224641765307365,True,70474,0.00880925,0.05738399998517707,8,11,4,1,4,0,-3,True,6,9,1,4,3,True,True,6,9,1,4,3,True,True,7f83fd756d4ea58f76ed10ff69fa500ddd76659b6c9aa80343ac4ffe6b2ac0d8,1120,0.07760641700588167,0.01574308398994617,True,False,,RuntimeError: All projection samples failed: sample 0: Nongeneric projection: crossing strands are numerically tangent.; sample 1: Nongeneric projection: crossing strands are numerically tangent.; sample 2: Nongeneric projection: crossing strands are numerically tangent.; sample 3: Nongeneric projection: crossing strands are numerically tangent.; sample 4: Nongeneric projection: crossing strands are numerically tangent.; sample 5: Nongeneric projection: crossing strands are numerically tangent.,2*A**7 - A**6 + 4*A**5 - 3*A**4 + 3*A**3 - 4*A**2 + A - 2,,7f83fd756d4ea58f76ed10ff69fa500ddd76659b6c9aa80343ac4ffe6b2ac0d8,,True,True,
9,random_0006,random_cycle_chord,baseline,0,,,e756644711763e07d0e3622d4415d4c4,200,0.9,0.050650165358023996,0.045585148822221595,0.011211667565310451,4.065866969090726,True,43260,0.0054075,0.10954991600010544,11,13,3,1,3,0,-2,True,4,6,1,3,3,True,True,4,6,1,3,3,True,True,4479f4dc407b97e6709d957c9302c8364be327398bec05670c517b1c0ce66837,755,0.03772108297562227,0.007856416021240875,True,False,-A**6 - A**5 - 3*A**4 - 2*A**3 - 3*A**2 - A - 1,,-A**6 - A**5 - 3*A**4 - 2*A**3 - 3*A**2 - A - 1,,4479f4dc407b97e6709d957c9302c8364be327398bec05670c517b1c0ce66837,True,True,True,
10,random_0007,random_cycle_chord,crossing_rich,6,6.0,10.624924182770748,9e29c665f19ef85c09f08031b7489ca3,200,0.9,0.0669285821600723,0.060235723944065074,0.01153702617282619,5.22107890211272,True,141452,0.0176815,0.09861112499493174,11,16,6,1,6,0,-5,True,10,15,1,6,3,True,True,10,15,1,6,3,True,True,c0ed91d38bb556dc0a1591bfd61cc2c919c51e1d84452eb71bb7d1be46b8986a,1466,0.09802266699261963,0.014148499991279095,True,False,2*A**14 + A**13 - 2*A**12 + 15*A**11 - 20*A**10 + 35*A**9 - 34*A**8 + 40*A**7 - 29*A**6 + 25*A**5 - 10*A**4 + 5*A**3 + 2*A**2 - A + 1,,2*A**14 + A**13 - 2*A**12 + 15*A**11 - 20*A**10 + 35*A**9 - 34*A**8 + 40*A**7 - 29*A**6 + 25*A**5 - 10*A**4 + 5*A**3 + 2*A**2 - A + 1,,c0ed91d38bb556dc0a1591bfd61cc2c919c51e1d84452eb71bb7d1be46b8986a,True,True,True,
11,random_0008,random_cycle_chord,baseline,0,,,4ca7af1950eb0912a81fec832cb4eb96,200,0.9,0.07267712536923597,0.06540941283231237,0.011635556247163179,5.62151146390269,True,83275,0.010409375,0.12929091701516882,10,12,3,1,3,0,-2,True,4,6,1,3,3,True,True,4,6,1,3,3,True,True,9e4278311e9321732521c71cd96c9585b8a0a5a4e4e3d12b8a2b51672d896e92,776,0.05110441698343493,0.008515791007084772,True,False,-A**6 - A**5 - 3*A**4 - 2*A**3 - 3*A**2 - A - 1,,-A**6 - A**5 - 3*A**4 - 2*A**3 - 3*A**2 - A - 1,,9e4278311e9321732521c71cd96c9585b8a0a5a4e4e3d12b8a2b51672d896e92,True,True,True,
12,random_0009,random_cycle_chord,baseline,0,,,8f34f4541eedc7b1aecfd95c1d8d238c,200,0.9,0.0503030720321162,0.045272764828904584,0.011199136543391046,4.0425228010655365,True,50038,0.00625475,0.07001891700201668,11,14,4,1,4,0,-3,True,6,9,1,4,3,True,True,6,9,1,4,3,True,True,7a819357b23cfcc8cccd7df7263d1cbca5b8aeba885a619b47b5147037da503e,907,0.045482832996640354,0.010266416997183114,True,False,-A**8 - A**7 - 4*A**6 - 3*A**5 - 6*A**4 - 3*A**3 - 4*A**2 - A - 1,,-A**8 - A**7 - 4*A**6 - 3*A**5 - 6*A**4 - 3*A**3 - 4*A**2 - A - 1,,7a819357b23cfcc8cccd7df7263d1cbca5b8aeba885a619b47b5147037da503e,True,True,True,
13,random_0010,random_cycle_chord,baseline,0,,,b73291eb7126cc5eaf4780776629388d,200,0.9,0.08052807966594006,0.07247527169934605,0.0118037986412022,6.139995598227568,True,95630,0.01195375,0.055067375011276454,8,10,3,1,3,0,-2,True,4,6,1,3,3,True,True,4,6,1,3,3,True,True,88626dedc3b2527dfd07ae149661950e3e7520b9cf080e530819bf931888b0fc,740,0.06166016700444743,0.00794087498798035,True,False,-A**6 - A**5 - 3*A**4 - 2*A**3 - 3*A**2 - A - 1,,-A**6 - A**5 - 3*A**4 - 2*A**3 - 3*A**2 - A - 1,,88626dedc3b2527dfd07ae149661950e3e7520b9cf080e530819bf931888b0fc,True,True,True,
14,random_0011,random_cycle_chord,baseline,0,,,103a02ce2419501dbcecbb0b106c7128,200,0.9,0.06873082451808364,0.06185774206627528,0.011540456258158844,5.3600776851905865,True,73080,0.009135,0.0684822500043083,9,11,3,1,3,0,-2,True,4,6,1,3,3,True,True,4,6,1,3,3,True,True,54b2ae1c7c52ef8d11a8038116eb6e0021b2b562f78fe2543e2e1007a674c8ec,749,0.050216333009302616,0.007703209004830569,True,False,-A**6 - A**5 - 3*A**4 - 2*A**3 - 3*A**2 - A - 1,,-A**6 - A**5 - 3*A**4 - 2*A**3 - 3*A**2 - A - 1,,54b2ae1c7c52ef8d11a8038116eb6e0021b2b562f78fe2543e2e1007a674c8ec,True,True,True,
15,random_0012,random_cycle_chord,baseline,0,,,3ddc013bba7f8602e9b01edf73e915d5,200,0.9,0.06939498931960869,0.062455490387647826,0.01158725467873201,5.39001619618171,True,75788,0.0094735,0.06852524998248555,9,11,3,1,3,0,-2,True,4,6,1,3,3,True,True,4,6,1,3,3,True,True,20712cbe3216511f27231d185d63dd3d996c081cdddfbca1ce113e80d5769357,773,0.04412470798706636,0.007902833982370794,True,False,-A**6 - A**5 - 3*A**4 - 2*A**3 - 3*A**2 - A - 1,,-A**6 - A**5 - 3*A**4 - 2*A**3 - 3*A**2 - A - 1,,20712cbe3216511f27231d185d63dd3d996c081cdddfbca1ce113e80d5769357,True,True,True,
16,random_0013,random_cycle_chord,crossing_rich,4,4.0,8.918854484850176,f01bb47f0e11353dcd7e62b1e2f9df0e,200,0.9,0.07973121574289893,0.07175809416860904,0.01180773944393475,6.077208470709339,True,154223,0.019277875,0.09120258298935369,9,13,5,1,5,0,-4,True,8,12,1,5,3,True,True,8,12,1,5,3,True,True,40b99b6902d786bb4c0bdcb68fde1c9e4e07f822432541bf359cedffa59a077b,1134,0.11592766700778157,0.01246662499033846,True,False,-A**10 + 2*A**9 - 7*A**8 + 5*A**7 - 14*A**6 + 6*A**5 - 14*A**4 + 5*A**3 - 7*A**2 + 2*A - 1,,-A**10 + 2*A**9 - 7*A**8 + 5*A**7 - 14*A**6 + 6*A**5 - 14*A**4 + 5*A**3 - 7*A**2 + 2*A - 1,,40b99b6902d786bb4c0bdcb68fde1c9e4e07f822432541bf359cedffa59a077b,True,True,True,
17,random_0014,random_cycle_chord,crossing_rich,2,2.0,8.507092231591008,d3b9e56b5337f4aa08cbf81ed5c2928d,200,0.9,0.08359038455824032,0.07523134610241629,0.011869849192973167,6.338020380827795,True,135784,0.016973,0.07761404200573452,8,11,4,1,4,0,-3,True,6,9,1,4,3,True,True,6,9,1,4,3,True,True,a5737bf105139f6f1e128844d6e37f64fdb1ff0d786f5abc2efa0c3a6434955e,985,0.09079862499493174,0.011705208016792312,True,False,-A**8 + A**7 - 3*A**6 + 2*A**5 - 4*A**4 + 2*A**3 - 3*A**2 + A - 1,,-A**8 + A**7 - 3*A**6 + 2*A**5 - 4*A**4 + 2*A**3 - 3*A**2 + A - 1,,a5737bf105139f6f1e128844d6e37f64fdb1ff0d786f5abc2efa0c3a6434955e,True,True,True,
18,random_0015,random_cycle_chord,crossing_rich,5,5.0,13.90534323060257,e4dfd7b460148a3915f7aca370896702,200,0.9,0.05113941449112264,0.04602547304201037,0.011215373540782723,4.103784227484432,True,82812,0.0103515,0.08032508302130736,8,12,5,1,5,0,-4,True,8,12,1,5,3,True,True,8,12,1,5,3,True,True,b6ad7c7ab3431858be9039b421e90f5a884d07f6af6b66d3240975791b903379,1388,0.07914108299883083,0.014804208010900766,True,True,A**18 - A**17 + 4*A**16 - A**15 + A**14 + 7*A**13 - 9*A**12 + 14*A**11 - 14*A**10 + 13*A**9 - 10*A**8 + 6*A**7 - A**6 + A**5 + 2*A**4 + 2*A**3 + A**2 + A + 1,,A**18 - A**17 + 4*A**16 - A**15 + A**14 + 7*A**13 - 9*A**12 + 14*A**11 - 14*A**10 + 13*A**9 - 10*A**8 + 6*A**7 - A**6 + A**5 + 2*A**4 + 2*A**3 + A**2 + A + 1,,b6ad7c7ab3431858be9039b421e90f5a884d07f6af6b66d3240975791b903379,True,True,True,
19,random_0016,random_cycle_chord,crossing_rich,6,6.0,9.777757954654893,2c8b3e95d62a28423936c85308a28eeb,200,0.9,0.07272742017228732,0.0654546781550586,0.01164733834098771,5.619711236920069,True,163260,0.0204075,0.095521291019395,10,15,6,1,6,0,-5,True,10,15,1,6,3,True,True,10,15,1,6,3,True,True,7c469e0007e937b3f4b48b1d0c29ef55ea41959b31e15be0b30172e60c8478d9,1486,0.10590262498590164,0.013147582998499274,True,True,,RuntimeError: All projection samples failed: sample 0: Found overlapping (colinear) projected segments; sample 1: Nongeneric projection: crossing strands are numerically tangent.; sample 2: Nongeneric projection: crossing strands are numerically tangent.; sample 3: Nongeneric projection: crossing strands are numerically tangent.; sample 4: Nongeneric projection: crossing strands are numerically tangent.; sample 5: Nongeneric projection: crossing strands are numerically tangent.,,RuntimeError: All projection samples failed: sample 0: Found overlapping (colinear) projected segments; sample 1: Nongeneric projection: crossing strands are numerically tangent.; sample 2: Nongeneric projection: crossing strands are numerically tangent.; sample 3: Nongeneric projection: crossing strands are numerically tangent.; sample 4: Nongeneric projection: crossing strands are numerically tangent.; sample 5: Nongeneric projection: crossing strands are numerically tangent.,,,True,True,
20,random_0017,random_cycle_chord,baseline,0,,,7e6bc2286a474f101d6d3fad2dea3b25,200,0.9,0.05068583034788542,0.04561724731309688,0.011188077928998562,4.07730868542315,True,52407,0.006550875,0.07077154199942015,11,14,4,1,4,0,-3,True,6,9,1,4,3,True,True,6,9,1,4,3,True,True,3eb524009f62fc2893bce508cbfd7aba797659885aa87cfa588ef9a4670986ea,950,0.03879612500895746,0.010012957995058969,True,False,-A**8 - A**7 - 4*A**6 - 3*A**5 - 6*A**4 - 3*A**3 - 4*A**2 - A - 1,,-A**8 - A**7 - 4*A**6 - 3*A**5 - 6*A**4 - 3*A**3 - 4*A**2 - A - 1,,3eb524009f62fc2893bce508cbfd7aba797659885aa87cfa588ef9a4670986ea,True,True,True,
21,random_0018,random_cycle_chord,crossing_rich,7,7.0,14.337838288550909,6b7f16b2cf53d00a6966ec7ac1369396,200,0.9,0.04959681486148087,0.04463713337533278,0.011157033416158436,4.000806640113312,True,93459,0.011682375,0.08874420801294036,12,17,6,1,6,0,-5,True,10,15,1,6,3,True,True,10,15,1,6,3,True,True,161a1ab9ae075c222bf7ccd2236e92de875a338e02f1d93e519b317f243b63a8,1632,0.07761949999257922,0.01575158300693147,True,False,-4*A**10 + 9*A**9 - 20*A**8 + 27*A**7 - 36*A**6 + 36*A**5 - 36*A**4 + 27*A**3 - 20*A**2 + 9*A - 4,,-4*A**10 + 9*A**9 - 20*A**8 + 27*A**7 - 36*A**6 + 36*A**5 - 36*A**4 + 27*A**3 - 20*A**2 + 9*A - 4,,161a1ab9ae075c222bf7ccd2236e92de875a338e02f1d93e519b317f243b63a8,True,True,True,
22,random_0019,random_cycle_chord,baseline,0,,,78d712f24f5cff365e8a82f9a84c6043,200,0.9,0.05966412289964516,0.05369771060968064,0.011371312251522265,4.7222087848737235,True,58995,0.007374375,0.058422665984835476,10,12,3,1,3,0,-2,True,4,6,1,3,3,True,True,4,6,1,3,3,True,True,d5f3d3b3ba35398fc850cd2cfa57a418cd69e9f4dc66bb911ba03d2accb56817,731,0.0440202500030864,0.007416542008286342,True,False,-A**6 - A**5 - 3*A**4 - 2*A**3 - 3*A**2 - A - 1,,-A**6 - A**5 - 3*A**4 - 2*A**3 - 3*A**2 - A - 1,,d5f3d3b3ba35398fc850cd2cfa57a418cd69e9f4dc66bb911ba03d2accb56817,True,True,True,
23,random_0020,random_cycle_chord,baseline,0,,,36e1f5945e20d9ab08e180f10c149151,200,0.9,0.05033982309508413,0.045305840785575716,0.011196065282998435,4.046585978234158,True,51270,0.00640875,0.08976604201598093,15,18,4,1,4,0,-3,True,6,9,1,4,3,True,True,6,9,1,4,3,True,True,4aefd423302f7cf50d3096e59c8c25c693dd58232c786ec391b882d9a78c673d,934,0.03508591701393016,0.009456333005800843,True,False,-A**8 - A**7 - 4*A**6 - 3*A**5 - 6*A**4 - 3*A**3 - 4*A**2 - A - 1,,-A**8 - A**7 - 4*A**6 - 3*A**5 - 6*A**4 - 3*A**3 - 4*A**2 - A - 1,,4aefd423302f7cf50d3096e59c8c25c693dd58232c786ec391b882d9a78c673d,True,True,True,
24,random_0021,random_cycle_chord,baseline,0,,,5c25c6be641fc20f13f284ff50ca2a81,200,0.9,0.05748119262691988,0.05173307336422789,0.011322971857320663,4.568860014500593,True,64885,0.008110625,0.089266958006192,13,16,4,1,4,0,-3,True,6,9,1,4,3,True,True,6,9,1,4,3,True,True,22d8f15a6befe60c5f38978bfa76e23ea8f3b617055d7d74e1450620f307863a,890,0.04030279201106168,0.00999966700328514,True,False,-A**8 - A**7 - 4*A**6 - 3*A**5 - 6*A**4 - 3*A**3 - 4*A**2 - A - 1,,-A**8 - A**7 - 4*A**6 - 3*A**5 - 6*A**4 - 3*A**3 - 4*A**2 - A - 1,,22d8f15a6befe60c5f38978bfa76e23ea8f3b617055d7d74e1450620f307863a,True,True,True,
25,random_0022,random_cycle_chord,crossing_rich,4,4.0,10.632841004109183,e7776783807ce23ed507aaa65b87c906,200,0.9,0.06687874960570689,0.0601908746451362,0.011516286001495717,5.226587342248942,True,121465,0.015183125,0.09010087500791997,11,15,5,1,5,0,-4,True,8,12,1,5,3,True,True,8,12,1,5,3,True,True,bc4bef65606536c9e89373fdc8af91ad91bfebe122a1590cd05864646ed9d997,1265,0.09031629099627025,0.011939207994146273,True,False,-A**10 + 2*A**9 - 7*A**8 + 5*A**7 - 14*A**6 + 6*A**5 - 14*A**4 + 5*A**3 - 7*A**2 + 2*A - 1,,-A**10 + 2*A**9 - 7*A**8 + 5*A**7 - 14*A**6 + 6*A**5 - 14*A**4 + 5*A**3 - 7*A**2 + 2*A - 1,,bc4bef65606536c9e89373fdc8af91ad91bfebe122a1590cd05864646ed9d997,True,True,True,
26,random_0023,random_cycle_chord,baseline,0,,,4037cfb9ac0f246d7e72353c4ec553cc,200,0.9,0.053676917739357524,0.048309225965421775,0.011259897737538951,4.290378748677748,True,56754,0.00709425,0.0826156249968335,14,17,4,1,4,0,-3,True,6,9,1,4,3,True,True,6,9,1,4,3,True,True,e8f73cec243f762bb4ae9881c9d58b144f27f8c59278b3c8ae25461aa55579b9,848,0.04105129197705537,0.010257000016281381,True,False,-A**8 - A**7 - 4*A**6 - 3*A**5 - 6*A**4 - 3*A**3 - 4*A**2 - A - 1,,-A**8 - A**7 - 4*A**6 - 3*A**5 - 6*A**4 - 3*A**3 - 4*A**2 - A - 1,,e8f73cec243f762bb4ae9881c9d58b144f27f8c59278b3c8ae25461aa55579b9,True,True,True,
27,random_0024,random_cycle_chord,crossing_rich,4,4.0,11.77517132688839,226d48fcb25dc01375a006b884ac6d23,200,0.9,0.060390723104580386,0.054351650794122346,0.011410140464284544,4.763451507389518,True,98340,0.0122925,0.09725729201454669,11,15,5,1,5,0,-4,True,8,12,1,5,3,True,True,8,12,1,5,3,True,True,11ffdd9991d349aad9614ceb54e246aa512b3e469810e788f963ef59f6369b94,1237,0.08096312498673797,0.012903041992103681,True,False,-A**10 + 2*A**9 - 7*A**8 + 5*A**7 - 14*A**6 + 6*A**5 - 14*A**4 + 5*A**3 - 7*A**2 + 2*A - 1,,-A**10 + 2*A**9 - 7*A**8 + 5*A**7 - 14*A**6 + 6*A**5 - 14*A**4 + 5*A**3 - 7*A**2 + 2*A - 1,,11ffdd9991d349aad9614ceb54e246aa512b3e469810e788f963ef59f6369b94,True,True,True,
28,random_0025,random_cycle_chord,crossing_rich,2,2.0,9.391298219688798,ef708e22c6afb49a267da2ce884548df,200,0.9,0.07572021401900231,0.06814819261710207,0.01171120271178003,5.819060116562868,True,117291,0.014661375,0.07820445799734443,9,12,4,1,4,0,-3,True,6,9,1,4,3,True,True,6,9,1,4,3,True,True,b69d8264b782973d2afe61630b5288d69e883119630ef3ab074513e252f9e05d,959,0.1010761669895146,0.018923041003290564,True,False,-A**8 + A**7 - 3*A**6 + 2*A**5 - 4*A**4 + 2*A**3 - 3*A**2 + A - 1,,-A**8 + A**7 - 3*A**6 + 2*A**5 - 4*A**4 + 2*A**3 - 3*A**2 + A - 1,,b69d8264b782973d2afe61630b5288d69e883119630ef3ab074513e252f9e05d,True,True,True,
29,random_0026,random_cycle_chord,crossing_rich,5,5.0,13.372835451208278,8d92d8721dbd33134985bb942b070fe4,200,0.9,0.05317579160423005,0.047858212443807044,0.011262344816949266,4.24940038878785,True,86268,0.0107835,0.07130637500085868,9,13,5,1,5,0,-4,True,8,12,1,5,3,True,True,8,12,1,5,3,True,True,089d84f99133699207cc0f9d7e402be7645958dc77e158369a45d427e25b14e1,1323,0.10039962499286048,0.013097124989144504,True,False,A**12 + A**11 - A**10 + 7*A**9 - 7*A**8 + 13*A**7 - 10*A**6 + 13*A**5 - 7*A**4 + 7*A**3 - A**2 + A + 1,,A**12 + A**11 - A**10 + 7*A**9 - 7*A**8 + 13*A**7 - 10*A**6 + 13*A**5 - 7*A**4 + 7*A**3 - A**2 + A + 1,,089d84f99133699207cc0f9d7e402be7645958dc77e158369a45d427e25b14e1,True,True,True,
30,random_0027,random_cycle_chord,crossing_rich,5,5.0,12.114013125754445,cbd367df182ccb02b6db0d327f7ca73e,200,0.9,0.05870153051091598,0.05283137745982438,0.011353459138915561,4.653328718006081,True,107747,0.013468375,0.08668304202728905,11,16,6,1,6,0,-5,True,13,18,1,6,3,True,True,10,15,1,6,3,True,True,7605a90a23082a4e7231146e169d55d85b61ef0deac86e6ec69b26f2ee0fe74e,1423,0.06749795901123434,0.010528416984016076,True,False,-A**12 + 3*A**11 - 10*A**10 + 14*A**9 - 26*A**8 + 25*A**7 - 34*A**6 + 25*A**5 - 26*A**4 + 14*A**3 - 10*A**2 + 3*A - 1,,-A**12 + 3*A**11 - 10*A**10 + 14*A**9 - 26*A**8 + 25*A**7 - 34*A**6 + 25*A**5 - 26*A**4 + 14*A**3 - 10*A**2 + 3*A - 1,,7605a90a23082a4e7231146e169d55d85b61ef0deac86e6ec69b26f2ee0fe74e,True,True,True,
31,random_0028,random_cycle_chord,crossing_rich,2,2.0,8.933515820020405,cb26cc24301cc90da9033428f0e0387b,200,0.9,0.07960036400422324,0.07164032760380092,0.011789836790385857,6.076447781043139,True,126561,0.015820125,0.06739083302090876,9,12,4,1,4,0,-3,True,6,9,1,4,3,True,True,6,9,1,4,3,True,True,ab786a8c2e20c7c562a6eb8cc9666f3a3e19adceb6291da376f78f2e1932e355,1000,0.07102712499909103,0.007926999998744577,True,False,-A**8 + A**7 - 3*A**6 + 2*A**5 - 4*A**4 + 2*A**3 - 3*A**2 + A - 1,,-A**8 + A**7 - 3*A**6 + 2*A**5 - 4*A**4 + 2*A**3 - 3*A**2 + A - 1,,ab786a8c2e20c7c562a6eb8cc9666f3a3e19adceb6291da376f78f2e1932e355,True,True,True,
32,random_0029,random_cycle_chord,crossing_rich,2,2.0,11.500279000523944,2448eaf4c00586d03c9be5abcbafaae4,200,0.9,0.0618342486368125,0.05565082377313125,0.011412427114529045,4.876335525708002,True,84150,0.01051875,0.060070833016652614,12,15,4,1,4,0,-3,True,6,9,1,4,3,True,True,6,9,1,4,3,True,True,c567e92253220c73324e94468ee45023cd8780f23ba5423b635aa58cda3eb583,1010,0.05084241699660197,0.00751512500573881,True,False,,RuntimeError: All projection samples failed: sample 0: Found overlapping (colinear) projected segments; sample 1: Nongeneric projection: crossing strands are numerically tangent.; sample 2: Nongeneric projection: crossing strands are numerically tangent.; sample 3: Nongeneric projection: crossing strands are numerically tangent.; sample 4: Nongeneric projection: crossing strands are numerically tangent.; sample 5: Nongeneric projection: crossing strands are numerically tangent.,-A**8 + A**7 - 3*A**6 + 2*A**5 - 4*A**4 + 2*A**3 - 3*A**2 + A - 1,,c567e92253220c73324e94468ee45023cd8780f23ba5423b635aa58cda3eb583,,True,True,
33,random_0030,random_cycle_chord,crossing_rich,4,4.0,10.108651065741482,9864390659db0a33d7b4bc27549e7f6e,200,0.9,0.07034678578639318,0.06331210720775386,0.0115881497727089,5.463521653548126,True,127655,0.015956875,0.06157691599219106,10,14,5,1,5,0,-4,True,8,12,1,5,3,True,True,8,12,1,5,3,True,True,9a10ddeaf01995361868351bd39dd40f948fe3d5434e977216f063fc2b1fe71f,1193,0.0622036250133533,0.008458750002318993,True,False,-A**10 + 2*A**9 - 7*A**8 + 5*A**7 - 14*A**6 + 6*A**5 - 14*A**4 + 5*A**3 - 7*A**2 + 2*A - 1,,-A**10 + 2*A**9 - 7*A**8 + 5*A**7 - 14*A**6 + 6*A**5 - 14*A**4 + 5*A**3 - 7*A**2 + 2*A - 1,,9a10ddeaf01995361868351bd39dd40f948fe3d5434e977216f063fc2b1fe71f,True,True,True,
34,random_0031,random_cycle_chord,baseline,0,,,f2551d12306507df164d13e621c6cf57,200,0.9,0.058483167943904665,0.0526348511495142,0.011355060373403416,4.635365151628703,True,54271,0.006783875,0.045789541996782646,10,12,3,1,3,0,-2,True,4,6,1,3,3,True,True,4,6,1,3,3,True,True,cbf3fad76e45e1567698830b1bab2a7cbccfce65e2580c2956ac8a190de539c2,718,0.028322875004960224,0.005677041976014152,True,False,-A**6 - A**5 - 3*A**4 - 2*A**3 - 3*A**2 - A - 1,,-A**6 - A**5 - 3*A**4 - 2*A**3 - 3*A**2 - A - 1,,cbf3fad76e45e1567698830b1bab2a7cbccfce65e2580c2956ac8a190de539c2,True,True,True,
35,random_0032,random_cycle_chord,baseline,0,,,237b03a6236ff83b0e5299ac7fc023ee,200,0.9,0.05914962349933376,0.053234661149400384,0.011349475693395715,4.6904951900445715,True,57552,0.007194,0.045405666023725644,10,12,3,1,3,0,-2,True,4,6,1,3,3,True,True,4,6,1,3,3,True,True,53b6bc65e3f09c8b31eb26ebdc26a6b1faccdcaeb288bbf8d2fdbc8115e761e9,727,0.035347416007425636,0.01168995798798278,True,False,-A**6 - A**5 - 3*A**4 - 2*A**3 - 3*A**2 - A - 1,,-A**6 - A**5 - 3*A**4 - 2*A**3 - 3*A**2 - A - 1,,53b6bc65e3f09c8b31eb26ebdc26a6b1faccdcaeb288bbf8d2fdbc8115e761e9,True,True,True,
36,random_0033,random_cycle_chord,baseline,0,,,f8915e048c5e07d3dc0ece3ddaef1ca9,200,0.9,0.05373744384341939,0.04836369945907745,0.01127638575171967,4.28893623577057,True,48357,0.006044625,0.06766683398745954,14,16,3,1,3,0,-2,True,4,6,1,3,3,True,True,4,6,1,3,3,True,True,e52e72bd509e8b47bce9d7e17d6bf46acff889c7f7773b7d928485480920741d,748,0.0403154999949038,0.007069082988891751,True,False,-A**6 - A**5 - 3*A**4 - 2*A**3 - 3*A**2 - A - 1,,-A**6 - A**5 - 3*A**4 - 2*A**3 - 3*A**2 - A - 1,,e52e72bd509e8b47bce9d7e17d6bf46acff889c7f7773b7d928485480920741d,True,True,True,
37,random_0034,random_cycle_chord,crossing_rich,8,8.0,12.745958374713087,160f71c8722822d99555e73577ebdb55,200,0.9,0.055791105714098045,0.05021199514268824,0.011319142689247629,4.4360245754641845,True,122841,0.015355125,0.0896243329916615,13,19,7,1,7,0,-6,True,15,21,1,7,3,True,True,12,18,1,7,3,True,True,8a42a7bccd65f1d4125c5ad81b83f1ea52966c2ad44be5a760c591210de57a33,1699,0.07821116698323749,0.012149874994065613,True,False,A**16 - 2*A**15 - 3*A**14 + 17*A**13 - 43*A**12 + 75*A**11 - 101*A**10 + 121*A**9 - 117*A**8 + 107*A**7 - 74*A**6 + 47*A**5 - 16*A**4 + 3*A**3 + 4*A**2 - 2*A + 1,,A**16 - 2*A**15 - 3*A**14 + 17*A**13 - 43*A**12 + 75*A**11 - 101*A**10 + 121*A**9 - 117*A**8 + 107*A**7 - 74*A**6 + 47*A**5 - 16*A**4 + 3*A**3 + 4*A**2 - 2*A + 1,,8a42a7bccd65f1d4125c5ad81b83f1ea52966c2ad44be5a760c591210de57a33,True,True,True,
38,random_0035,random_cycle_chord,baseline,0,,,5a09f2d469638693e252e3673038fcb1,200,0.9,0.05368226329124531,0.04831403696212078,0.011247241353756194,4.295634408697519,True,56884,0.0071105,0.0778906250197906,14,17,4,1,4,0,-3,True,6,9,1,4,3,True,True,6,9,1,4,3,True,True,145269ee77708d00d54cfcedd886b37bd8c11944a29c7dd85e27287279b896df,921,0.034827416006010026,0.009931207983754575,True,False,-A**8 - A**7 - 4*A**6 - 3*A**5 - 6*A**4 - 3*A**3 - 4*A**2 - A - 1,,-A**8 - A**7 - 4*A**6 - 3*A**5 - 6*A**4 - 3*A**3 - 4*A**2 - A - 1,,145269ee77708d00d54cfcedd886b37bd8c11944a29c7dd85e27287279b896df,True,True,True,
39,random_0036,random_cycle_chord,crossing_rich,4,4.0,10.156415610469262,76f64aeb3bec290543374c9120128d8d,200,0.9,0.07001595231866012,0.0630143570867941,0.011579274527633571,5.4419952594104535,True,124956,0.0156195,0.07354841599590145,10,14,5,1,5,0,-4,True,8,12,1,5,3,True,True,8,12,1,5,3,True,True,4f1b83b877010a508d308f02953caad0a9cddb572124ee9a32062a1da9b3c5d0,1216,0.07483283302281052,0.010180084005696699,True,False,,RuntimeError: All projection samples failed: sample 0: Found overlapping (colinear) projected segments; sample 1: Nongeneric projection: crossing strands are numerically tangent.; sample 2: Nongeneric projection: crossing strands are numerically tangent.; sample 3: Nongeneric projection: crossing strands are numerically tangent.; sample 4: Nongeneric projection: crossing strands are numerically tangent.; sample 5: Nongeneric projection: crossing strands are numerically tangent.,-A**10 + 2*A**9 - 7*A**8 + 5*A**7 - 14*A**6 + 6*A**5 - 14*A**4 + 5*A**3 - 7*A**2 + 2*A - 1,,4f1b83b877010a508d308f02953caad0a9cddb572124ee9a32062a1da9b3c5d0,,True,True,
40,random_0037,random_cycle_chord,crossing_rich,2,2.0,9.310560528778138,3766c050500c74590e361b5f3d5119d1,200,0.9,0.07637683133181167,0.0687391481986305,0.011728084032800385,5.861072277994007,True,116266,0.01453325,0.0728435420023743,9,12,4,1,4,0,-3,True,6,9,1,4,3,True,True,6,9,1,4,3,True,True,e7af7f1a45d3ceeccfb8e4f3af37111b39d79e0279336784f672bcb13a2d86ca,960,0.08555920800426975,0.011526874994160607,True,False,-A**8 + A**7 - 3*A**6 + 2*A**5 - 4*A**4 + 2*A**3 - 3*A**2 + A - 1,,-A**8 + A**7 - 3*A**6 + 2*A**5 - 4*A**4 + 2*A**3 - 3*A**2 + A - 1,,e7af7f1a45d3ceeccfb8e4f3af37111b39d79e0279336784f672bcb13a2d86ca,True,True,True,
41,random_0038,random_cycle_chord,crossing_rich,4,4.0,10.635972837189355,a9ca2a8949c4cb974344fa065ab4c92a,200,0.9,0.06685905671220463,0.06017315104098417,0.011515586642819476,5.225365663720226,True,119827,0.014978375,0.14319966698531061,11,15,5,1,5,0,-4,True,9,13,1,5,3,True,True,8,12,1,5,3,True,True,b45b7d3180c0c4a671e0c12a733126ce5e9320e58066196282e69e944777f703,1244,0.07645012499415316,0.011414208012865856,True,False,-A**10 + 2*A**9 - 7*A**8 + 5*A**7 - 14*A**6 + 6*A**5 - 14*A**4 + 5*A**3 - 7*A**2 + 2*A - 1,,-A**10 + 2*A**9 - 7*A**8 + 5*A**7 - 14*A**6 + 6*A**5 - 14*A**4 + 5*A**3 - 7*A**2 + 2*A - 1,,b45b7d3180c0c4a671e0c12a733126ce5e9320e58066196282e69e944777f703,True,True,True,
42,random_0039,random_cycle_chord,crossing_rich,5,5.0,12.30393168601875,0d9383c252bac8778d9583a2a6ee796c,200,0.9,0.057795437203147317,0.05201589348283259,0.011346027226810078,4.584502790538147,True,103879,0.012984875,0.08304712499375455,11,16,6,1,6,0,-5,True,12,17,1,6,3,True,True,10,15,1,6,3,True,True,00994e170fd3b09267d9ec6a57fc460500b686d9fc62a2e5473b024b36aa6c9b,1395,0.10067787498701364,0.01376254201750271,True,False,A**16 + 4*A**14 + 4*A**13 - A**12 + 20*A**11 - 20*A**10 + 36*A**9 - 34*A**8 + 36*A**7 - 29*A**6 + 20*A**5 - 12*A**4 + 3*A**3 - 2*A**2 - A - 1,,A**16 + 4*A**14 + 4*A**13 - A**12 + 20*A**11 - 20*A**10 + 36*A**9 - 34*A**8 + 36*A**7 - 29*A**6 + 20*A**5 - 12*A**4 + 3*A**3 - 2*A**2 - A - 1,,00994e170fd3b09267d9ec6a57fc460500b686d9fc62a2e5473b024b36aa6c9b,True,True,True,
43,random_0040,random_cycle_chord,baseline,0,,,ca62a37d3738941a9501a139c3aa3dc2,200,0.9,0.06184876251841404,0.05566388626657264,0.011405862712901723,4.880287240666901,True,63569,0.007946125,0.0596547499881126,12,14,3,1,3,0,-2,True,4,6,1,3,3,True,True,4,6,1,3,3,True,True,8deb9e92c07b75a11a040c242e8f03d4efdff76d585107937591e65d32b8b7a7,782,0.03162295799120329,0.0072196660039480776,True,False,-A**6 - A**5 - 3*A**4 - 2*A**3 - 3*A**2 - A - 1,,-A**6 - A**5 - 3*A**4 - 2*A**3 - 3*A**2 - A - 1,,8deb9e92c07b75a11a040c242e8f03d4efdff76d585107937591e65d32b8b7a7,True,True,True,
44,random_0041,random_cycle_chord,crossing_rich,4,4.0,10.072897143214727,35e6984785cd33f6953165239be9a661,200,0.9,0.07059648291853426,0.06353683462668085,0.011588285933784567,5.482850094460056,True,129006,0.01612575,0.06143895897548646,10,14,5,1,5,0,-4,True,8,12,1,5,3,True,True,8,12,1,5,3,True,True,0e23df093a98f9131ebd538e898e4849a41a185f2d1d6913dbfa479ca1ea4840,1212,0.06919837501482107,0.008417250006459653,True,False,A**12 + 2*A**11 - 2*A**10 + 8*A**9 - 8*A**8 + 13*A**7 - 9*A**6 + 13*A**5 - 4*A**4 + 7*A**3 + A**2 + A + 1,,A**12 + 2*A**11 - 2*A**10 + 8*A**9 - 8*A**8 + 13*A**7 - 9*A**6 + 13*A**5 - 4*A**4 + 7*A**3 + A**2 + A + 1,,0e23df093a98f9131ebd538e898e4849a41a185f2d1d6913dbfa479ca1ea4840,True,True,True,
45,random_0042,random_cycle_chord,baseline,0,,,8603424a32f201376c6da364b388d315,200,0.9,0.04991178476269672,0.04492060628642705,0.011195003011021313,4.012558660520536,True,40666,0.00508325,0.044873459002701566,11,13,3,1,3,0,-2,True,4,6,1,3,3,True,True,4,6,1,3,3,True,True,4ac11346d4a0c7343818d5de206ac20e05da0bcfbc3448cfd2f5849a0c4f583e,715,0.023252542014233768,0.006737207993865013,True,False,-A**6 - A**5 - 3*A**4 - 2*A**3 - 3*A**2 - A - 1,,-A**6 - A**5 - 3*A**4 - 2*A**3 - 3*A**2 - A - 1,,4ac11346d4a0c7343818d5de206ac20e05da0bcfbc3448cfd2f5849a0c4f583e,True,True,True,
46,random_0043,random_cycle_chord,crossing_rich,4,4.0,9.757865257589735,f8e101deee8812cdf51fe0521efd7a68,200,0.9,0.07287568462354038,0.06558811616118634,0.01165601933461986,5.6269738646006955,True,137514,0.01718925,0.06088962499052286,10,14,5,1,5,0,-4,True,8,12,1,5,3,True,True,8,12,1,5,3,True,True,5cc16f5430f1bd5cf87c5c360b046d980fa280dec5ac43aa8a52ebdde6a4fe28,1187,0.0710141249874141,0.008508750004693866,True,False,A**12 + A**11 + A**10 + 7*A**9 - 4*A**8 + 13*A**7 - 9*A**6 + 13*A**5 - 8*A**4 + 8*A**3 - 2*A**2 + 2*A + 1,,A**12 + A**11 + A**10 + 7*A**9 - 4*A**8 + 13*A**7 - 9*A**6 + 13*A**5 - 8*A**4 + 8*A**3 - 2*A**2 + 2*A + 1,,5cc16f5430f1bd5cf87c5c360b046d980fa280dec5ac43aa8a52ebdde6a4fe28,True,True,True,
47,random_0044,random_cycle_chord,crossing_rich,4,4.0,10.636319678540044,d86c5f9e478e64f89adb822abc677322,200,0.9,0.06685687649515243,0.060171188845637186,0.011501580154248462,5.231558450115318,True,120597,0.015074625,0.06082250000326894,11,15,5,1,5,0,-4,True,8,12,1,5,3,True,True,8,12,1,5,3,True,True,7c2b38cdc07d9510d5002d47ab642ce6825947f16ecb51d567bab291aee089a5,1283,0.06064058397896588,0.009312792011769488,True,False,A**12 + 2*A**11 - 2*A**10 + 8*A**9 - 8*A**8 + 13*A**7 - 9*A**6 + 13*A**5 - 4*A**4 + 7*A**3 + A**2 + A + 1,,A**12 + 2*A**11 - 2*A**10 + 8*A**9 - 8*A**8 + 13*A**7 - 9*A**6 + 13*A**5 - 4*A**4 + 7*A**3 + A**2 + A + 1,,7c2b38cdc07d9510d5002d47ab642ce6825947f16ecb51d567bab291aee089a5,True,True,True,
48,random_0045,random_cycle_chord,baseline,0,,,b368b74748fda659bbd4e4bd3936498d,200,0.9,0.05747860220068056,0.051730741980612505,0.01132835044127134,4.566484966085402,True,55112,0.006889,0.061118833982618526,13,15,3,1,3,0,-2,True,4,6,1,3,3,True,True,4,6,1,3,3,True,True,8006dfb4efa106a0ebb1f542088668a2b088f96b0e5ffad2aacc2f191d3401f0,744,0.03025145799620077,0.0062941249925643206,True,False,-A**6 - A**5 - 3*A**4 - 2*A**3 - 3*A**2 - A - 1,,-A**6 - A**5 - 3*A**4 - 2*A**3 - 3*A**2 - A - 1,,8006dfb4efa106a0ebb1f542088668a2b088f96b0e5ffad2aacc2f191d3401f0,True,True,True,
49,random_0046,random_cycle_chord,crossing_rich,9,9.0,13.250300802752918,c9dfe3034a0e4af4e844f226a541b36e,200,0.9,0.05366754473704995,0.04830079026334496,0.011246225847087463,4.2948444144800675,True,121862,0.01523275,0.15388020800310187,14,20,7,1,7,0,-6,True,16,22,1,7,3,True,True,12,18,1,7,3,True,True,7b54196ee3c2ab3153fe0617d7ad20bc3d45c0495ab1339fc582a7df22ed1645,1877,0.08063050001510419,0.013106707978295162,True,False,-A**14 + 4*A**13 - 16*A**12 + 33*A**11 - 61*A**10 + 83*A**9 - 105*A**8 + 108*A**7 - 105*A**6 + 83*A**5 - 61*A**4 + 33*A**3 - 16*A**2 + 4*A - 1,,-A**14 + 4*A**13 - 16*A**12 + 33*A**11 - 61*A**10 + 83*A**9 - 105*A**8 + 108*A**7 - 105*A**6 + 83*A**5 - 61*A**4 + 33*A**3 - 16*A**2 + 4*A - 1,,7b54196ee3c2ab3153fe0617d7ad20bc3d45c0495ab1339fc582a7df22ed1645,True,True,True,
50,random_0047,random_cycle_chord,crossing_rich,5,5.0,12.257193231144068,b760840125e061ef715323aca4c53bb2,200,0.9,0.058015819584557295,0.05221423762610156,0.011341935567518334,4.603644352877088,True,103155,0.012894375,0.07413887500297278,11,16,6,1,6,0,-5,True,11,16,1,6,3,True,True,10,15,1,6,3,True,True,33fa671d694f4fb16e94350730e60f4d39dd3f9c5eb16285a43f9fba5438bc7b,1350,0.06290774999069981,0.01002970800618641,True,False,-A**16 - A**15 - 2*A**14 + 3*A**13 - 12*A**12 + 20*A**11 - 29*A**10 + 36*A**9 - 34*A**8 + 36*A**7 - 20*A**6 + 20*A**5 - A**4 + 4*A**3 + 4*A**2 + 1,,-A**16 - A**15 - 2*A**14 + 3*A**13 - 12*A**12 + 20*A**11 - 29*A**10 + 36*A**9 - 34*A**8 + 36*A**7 - 20*A**6 + 20*A**5 - A**4 + 4*A**3 + 4*A**2 + 1,,33fa671d694f4fb16e94350730e60f4d39dd3f9c5eb16285a43f9fba5438bc7b,True,True,True,
51,random_0048,random_cycle_chord,crossing_rich,2,2.0,8.925843255969228,544a2de3e86737771a60badf7d854343,200,0.9,0.07966878766726605,0.07170190890053944,0.011790351790746062,6.0814053874810075,True,124529,0.015566125,0.06555625001783483,9,12,4,1,4,0,-3,True,6,9,1,4,3,True,True,6,9,1,4,3,True,True,d8d7778681876351f3ce819a1644b22e0c2a3274dbd3239731859746da4531ee,988,0.06819599997834302,0.008584166003856808,True,False,-A**8 + A**7 - 3*A**6 + 2*A**5 - 4*A**4 + 2*A**3 - 3*A**2 + A - 1,,-A**8 + A**7 - 3*A**6 + 2*A**5 - 4*A**4 + 2*A**3 - 3*A**2 + A - 1,,d8d7778681876351f3ce819a1644b22e0c2a3274dbd3239731859746da4531ee,True,True,True,
52,random_0049,random_cycle_chord,crossing_rich,6,6.0,11.49966813706436,f9b901ec7382c723cafc32de5113e90c,200,0.9,0.06183753327795108,0.055653779950155975,0.011410586073976854,4.8773813710656615,True,125674,0.01570925,0.077695957996184,12,17,6,1,6,0,-5,True,11,16,1,6,3,True,True,10,15,1,6,3,True,True,f69630c8a16637665aca8df2d1c3396980db2545ac6aada3fb5bfcb19aae2cf1,1509,0.06724866697913967,0.010781999997561797,True,False,,RuntimeError: All projection samples failed: sample 0: Found overlapping (colinear) projected segments; sample 1: Nongeneric projection: crossing strands are numerically tangent.; sample 2: Nongeneric projection: crossing strands are numerically tangent.; sample 3: Nongeneric projection: crossing strands are numerically tangent.; sample 4: Nongeneric projection: crossing strands are numerically tangent.; sample 5: Nongeneric projection: crossing strands are numerically tangent.,,RuntimeError: All projection samples failed: sample 0: Found overlapping (colinear) projected segments; sample 1: Nongeneric projection: crossing strands are numerically tangent.; sample 2: Nongeneric projection: crossing strands are numerically tangent.; sample 3: Nongeneric projection: crossing strands are numerically tangent.; sample 4: Nongeneric projection: crossing strands are numerically tangent.; sample 5: Nongeneric projection: crossing strands are numerically tangent.,,,True,True,
53,random_0050,random_cycle_chord,crossing_rich,8,8.0,11.527821973780933,5abff9f8eb816c43fa70e71b5218041d,200,0.9,0.061686510489880386,0.055517859440892346,0.011409674120722024,4.865858468302956,True,145328,0.018166,0.07862899999599904,12,18,7,1,7,0,-6,True,15,21,1,7,3,True,True,12,18,1,7,3,True,True,f8527f138f2607cf21a0b6c1e83d6b4c6991bc66d9000158d21e0bb58e2a054e,1734,0.07380770798772573,0.01163666698266752,True,True,,RuntimeError: All projection samples failed: sample 0: Found overlapping (colinear) projected segments; sample 1: Nongeneric projection: crossing strands are numerically tangent.; sample 2: Nongeneric projection: crossing strands are numerically tangent.; sample 3: Nongeneric projection: crossing strands are numerically tangent.; sample 4: Nongeneric projection: crossing strands are numerically tangent.; sample 5: Nongeneric projection: crossing strands are numerically tangent.,,RuntimeError: All projection samples failed: sample 0: Found overlapping (colinear) projected segments; sample 1: Nongeneric projection: crossing strands are numerically tangent.; sample 2: Nongeneric projection: crossing strands are numerically tangent.; sample 3: Nongeneric projection: crossing strands are numerically tangent.; sample 4: Nongeneric projection: crossing strands are numerically tangent.; sample 5: Nongeneric projection: crossing strands are numerically tangent.,,,True,True,
54,random_0051,random_cycle_chord,baseline,0,,,8c61f2de661654606954623865384556,200,0.9,0.05747672476405129,0.05172905228764616,0.011326712806857629,4.566996018149891,True,55913,0.006989125,0.08346491699921899,13,15,3,1,3,0,-2,True,4,6,1,3,3,True,True,4,6,1,3,3,True,True,8aba9d2e0bd3e14569e7d63ca9a96cb32765f10ae4f3cf60a878884c48587a1a,789,0.030210375000024214,0.00740949998726137,True,False,-A**6 - A**5 - 3*A**4 - 2*A**3 - 3*A**2 - A - 1,,-A**6 - A**5 - 3*A**4 - 2*A**3 - 3*A**2 - A - 1,,8aba9d2e0bd3e14569e7d63ca9a96cb32765f10ae4f3cf60a878884c48587a1a,True,True,True,
55,random_0052,random_cycle_chord,baseline,0,,,942675039b454c8ca47b08cbb49440d7,200,0.9,0.053667505422706124,0.04830075488043551,0.011247343453903864,4.294414505824546,True,47211,0.005901375,0.06149320901022293,14,16,3,1,3,0,-2,True,4,6,1,3,3,True,True,4,6,1,3,3,True,True,66f7d16f9059fb5613cf2016f8cf6a318f0d9a13c6cb85cb6527a385206a1fc3,740,0.028283499996177852,0.005828833003761247,True,False,-A**6 - A**5 - 3*A**4 - 2*A**3 - 3*A**2 - A - 1,,-A**6 - A**5 - 3*A**4 - 2*A**3 - 3*A**2 - A - 1,,66f7d16f9059fb5613cf2016f8cf6a318f0d9a13c6cb85cb6527a385206a1fc3,True,True,True,
56,random_0053,random_cycle_chord,crossing_rich,6,6.0,13.24924910962518,bef7eab77b3768992f7cf19876b19147,200,0.9,0.05367180473605182,0.04830462426244664,0.011243314392989671,4.296297566184318,True,100102,0.01251275,0.07006599998567253,14,19,6,1,6,0,-5,True,11,16,1,6,3,True,True,10,15,1,6,3,True,True,a1fa9b897bda57ca476daaf4515133e3633dad37f0f1cefde73a22bc2d2f8837,1520,0.0574291670054663,0.009684583026682958,True,False,-A**12 + 3*A**11 - 11*A**10 + 15*A**9 - 29*A**8 + 27*A**7 - 38*A**6 + 27*A**5 - 29*A**4 + 15*A**3 - 11*A**2 + 3*A - 1,,-A**12 + 3*A**11 - 11*A**10 + 15*A**9 - 29*A**8 + 27*A**7 - 38*A**6 + 27*A**5 - 29*A**4 + 15*A**3 - 11*A**2 + 3*A - 1,,a1fa9b897bda57ca476daaf4515133e3633dad37f0f1cefde73a22bc2d2f8837,True,True,True,
57,random_0054,random_cycle_chord,crossing_rich,6,6.0,11.499898977830503,70da9ce31b854287053639114322680a,200,0.9,0.06183629199543323,0.05565266279588991,0.011413936788313973,4.875851673970128,True,126326,0.01579075,0.06722120800986886,12,17,6,1,6,0,-5,True,13,18,1,6,3,True,True,10,15,1,6,3,True,True,9f1f44daae6d21a84596e547177008e2cc79e422f1605797a8eb045c2b4864ab,1510,0.06522970800870098,0.01015870799892582,True,False,,RuntimeError: All projection samples failed: sample 0: Found overlapping (colinear) projected segments; sample 1: Nongeneric projection: crossing strands are numerically tangent.; sample 2: Nongeneric projection: crossing strands are numerically tangent.; sample 3: Nongeneric projection: crossing strands are numerically tangent.; sample 4: Nongeneric projection: crossing strands are numerically tangent.; sample 5: Nongeneric projection: crossing strands are numerically tangent.,-A**12 + 3*A**11 - 11*A**10 + 15*A**9 - 29*A**8 + 27*A**7 - 38*A**6 + 27*A**5 - 29*A**4 + 15*A**3 - 11*A**2 + 3*A - 1,,9f1f44daae6d21a84596e547177008e2cc79e422f1605797a8eb045c2b4864ab,,True,True,
58,random_0055,random_cycle_chord,crossing_rich,6,6.0,13.318515672764386,f02e99943ada11435c1f354c1371d333,200,0.9,0.05339266991781173,0.04805340292603056,0.011238098177236524,4.275937277658399,True,98812,0.0123515,0.06564437499037012,13,18,6,1,6,0,-5,True,12,17,1,6,3,True,True,10,15,1,6,3,True,True,206678687b0405e83609e3be1cd69580337c25632d44da3b59b393b8e5d317e3,1547,0.0577750000229571,0.010116874997038394,True,False,2*A**14 - 2*A**13 + 2*A**12 + 8*A**11 - 15*A**10 + 32*A**9 - 34*A**8 + 44*A**7 - 34*A**6 + 32*A**5 - 15*A**4 + 8*A**3 + 2*A**2 - 2*A + 2,,2*A**14 - 2*A**13 + 2*A**12 + 8*A**11 - 15*A**10 + 32*A**9 - 34*A**8 + 44*A**7 - 34*A**6 + 32*A**5 - 15*A**4 + 8*A**3 + 2*A**2 - 2*A + 2,,206678687b0405e83609e3be1cd69580337c25632d44da3b59b393b8e5d317e3,True,True,True,
59,random_0056,random_cycle_chord,crossing_rich,3,3.0,11.484546944050663,f61befc086c76698e58b129c58523394,200,0.9,0.0619189520122505,0.05572705681102545,0.011432824928353126,4.8743033467453625,True,96552,0.012069,0.059501583018573,10,14,5,1,5,0,-4,True,8,12,1,5,3,True,True,8,12,1,5,3,True,True,66aedcad541f60234b8e569f1b713a7218cc6aa7161803b8d8a67cd4c13ee3c8,1140,0.06394004201865755,0.008690917020430788,True,False,-A**10 + 2*A**9 - 5*A**8 + 6*A**7 - 9*A**6 + 8*A**5 - 9*A**4 + 6*A**3 - 5*A**2 + 2*A - 1,,-A**10 + 2*A**9 - 5*A**8 + 6*A**7 - 9*A**6 + 8*A**5 - 9*A**4 + 6*A**3 - 5*A**2 + 2*A - 1,,66aedcad541f60234b8e569f1b713a7218cc6aa7161803b8d8a67cd4c13ee3c8,True,True,True,
60,random_0057,random_cycle_chord,baseline,0,,,cbcdcec981f1dd5d52ceecf70d124d2f,200,0.9,0.061849006031551766,0.05566410542839659,0.01140673879329982,4.879931629633968,True,62074,0.00775925,0.06777858297573403,12,14,3,1,3,0,-2,True,4,6,1,3,3,True,True,4,6,1,3,3,True,True,fd3108719b27080fae034e721b092a7894214b66b0f1b710c8505e40441b700e,747,0.031897707987809554,0.006905957998242229,True,False,-A**6 - A**5 - 3*A**4 - 2*A**3 - 3*A**2 - A - 1,,-A**6 - A**5 - 3*A**4 - 2*A**3 - 3*A**2 - A - 1,,fd3108719b27080fae034e721b092a7894214b66b0f1b710c8505e40441b700e,True,True,True,
61,random_0058,random_cycle_chord,crossing_rich,5,5.0,12.768583257582529,6d7be31ac542a0764936711ec3c54ff3,200,0.9,0.0556922484480667,0.050123023603260035,0.011289535903406716,4.439777155776171,True,99290,0.01241125,0.0679069579928182,12,17,6,1,6,0,-5,True,14,19,1,6,3,True,True,10,15,1,6,3,True,True,dd5b5a6b474439fcb5cf3b6fcb234da00974214f6ac7e22ad95c72408c81728d,1440,0.0656147499976214,0.013881541002774611,True,False,-A**12 + 3*A**11 - 10*A**10 + 14*A**9 - 26*A**8 + 25*A**7 - 34*A**6 + 25*A**5 - 26*A**4 + 14*A**3 - 10*A**2 + 3*A - 1,,-A**12 + 3*A**11 - 10*A**10 + 14*A**9 - 26*A**8 + 25*A**7 - 34*A**6 + 25*A**5 - 26*A**4 + 14*A**3 - 10*A**2 + 3*A - 1,,dd5b5a6b474439fcb5cf3b6fcb234da00974214f6ac7e22ad95c72408c81728d,True,True,True,
62,random_0059,random_cycle_chord,crossing_rich,9,9.0,13.247823002329916,d2e831f521a66349f116299a349eb204,200,0.9,0.05367758242135684,0.04830982417922116,0.011244285117986124,4.296389114319573,True,122413,0.015301625,0.08743691598647274,14,20,7,1,7,0,-6,True,15,21,1,7,3,True,True,12,18,1,7,3,True,True,7f29bc1aaca52c81faf45aae96fa353791ec8deb114eb9b60594fc8ab5c10066,1901,0.0638168329896871,0.012029167002765462,True,False,,RuntimeError: All projection samples failed: sample 0: Found overlapping (colinear) projected segments; sample 1: Nongeneric projection: crossing strands are numerically tangent.; sample 2: Nongeneric projection: crossing strands are numerically tangent.; sample 3: Nongeneric projection: crossing strands are numerically tangent.; sample 4: Nongeneric projection: crossing strands are numerically tangent.; sample 5: Nongeneric projection: crossing strands are numerically tangent.,,RuntimeError: All projection samples failed: sample 0: Found overlapping (colinear) projected segments; sample 1: Nongeneric projection: crossing strands are numerically tangent.; sample 2: Nongeneric projection: crossing strands are numerically tangent.; sample 3: Nongeneric projection: crossing strands are numerically tangent.; sample 4: Nongeneric projection: crossing strands are numerically tangent.; sample 5: Nongeneric projection: crossing strands are numerically tangent.,,,True,True,
63,random_0060,random_cycle_chord,baseline,0,,,2628a87ca662ceb07ab825aa2ed1faee,200,0.9,0.051028304195878546,0.04592547377629069,0.011212344415585065,4.09597422930165,True,44572,0.0055715,0.04525458300486207,11,13,3,1,3,0,-2,True,4,6,1,3,3,True,True,4,6,1,3,3,True,True,77f6ec306bec44e16906fc51fbe8fae56c4a7fd9684e68bdb74384e7be41f372,790,0.02771724999183789,0.0061513330147136,True,False,-A**6 - A**5 - 3*A**4 - 2*A**3 - 3*A**2 - A - 1,,-A**6 - A**5 - 3*A**4 - 2*A**3 - 3*A**2 - A - 1,,77f6ec306bec44e16906fc51fbe8fae56c4a7fd9684e68bdb74384e7be41f372,True,True,True,
64,random_0061,random_cycle_chord,crossing_rich,2,2.0,9.783311047641886,f0ee0a7c5d7344e4976a3191bc56adbe,200,0.9,0.0726861394519919,0.06541752550679271,0.011630807351036616,5.62450426117343,True,109395,0.013674375,0.05497233400819823,10,13,4,1,4,0,-3,True,6,9,1,4,3,True,True,6,9,1,4,3,True,True,6e9725ac66e578789c77246822d72334aee6ad668652612be584f12cab6e1c8c,1004,0.06117970898048952,0.007063166995067149,True,False,,RuntimeError: All projection samples failed: sample 0: Found overlapping (colinear) projected segments; sample 1: Nongeneric projection: crossing strands are numerically tangent.; sample 2: Nongeneric projection: crossing strands are numerically tangent.; sample 3: Nongeneric projection: crossing strands are numerically tangent.; sample 4: Nongeneric projection: crossing strands are numerically tangent.; sample 5: Nongeneric projection: crossing strands are numerically tangent.,-A**8 + A**7 - 3*A**6 + 2*A**5 - 4*A**4 + 2*A**3 - 3*A**2 + A - 1,,6e9725ac66e578789c77246822d72334aee6ad668652612be584f12cab6e1c8c,,True,True,
65,random_0062,random_cycle_chord,baseline,0,,,c9b2747d4897680c32f2a02811ccda66,200,0.9,0.06693900431301068,0.060245103881709616,0.011532542437720051,5.223922149608833,True,72631,0.009078875,0.051116582995746285,11,13,3,1,3,0,-2,True,4,6,1,3,3,True,True,4,6,1,3,3,True,True,5c8d93b07c9ee8f3d15ab38d5a14c6c7a88de212e4c3bbeea0896cbab937e191,783,0.07659537499421276,0.01341525002499111,True,False,-A**6 - A**5 - 3*A**4 - 2*A**3 - 3*A**2 - A - 1,,-A**6 - A**5 - 3*A**4 - 2*A**3 - 3*A**2 - A - 1,,5c8d93b07c9ee8f3d15ab38d5a14c6c7a88de212e4c3bbeea0896cbab937e191,True,True,True,
66,random_0063,random_cycle_chord,crossing_rich,3,3.0,11.197566613800065,e2e4547f237f4b7d6245ef6308d564b1,200,0.9,0.06350586119619293,0.05715527507657364,0.011462219687321609,4.986405481286774,True,102509,0.012813625,0.06729649999761023,11,15,5,1,5,0,-4,True,9,13,1,5,3,True,True,8,12,1,5,3,True,True,065b7af29ea593c55d9373a86e9afe2f40fbde1d0f44ef86bc6e4b8ed34560d4,1179,0.064005874999566,0.009256624995032325,True,False,-A**10 + 2*A**9 - 5*A**8 + 6*A**7 - 9*A**6 + 8*A**5 - 9*A**4 + 6*A**3 - 5*A**2 + 2*A - 1,,-A**10 + 2*A**9 - 5*A**8 + 6*A**7 - 9*A**6 + 8*A**5 - 9*A**4 + 6*A**3 - 5*A**2 + 2*A - 1,,065b7af29ea593c55d9373a86e9afe2f40fbde1d0f44ef86bc6e4b8ed34560d4,True,True,True,
67,random_0064,random_cycle_chord,baseline,0,,,1d8c899343a1e845cae1da6413821259,200,0.9,0.05366822084999562,0.048301398764996055,0.011243337935801213,4.296001689248705,True,49335,0.006166875,0.05976891698082909,14,16,3,1,3,0,-2,True,4,6,1,3,3,True,True,4,6,1,3,3,True,True,492e87fb8d1e4c2744ab646780debc18915212a9fca6b1f6d50cace257bb1983,765,0.03252862498629838,0.009120416012592614,True,False,-A**6 - A**5 - 3*A**4 - 2*A**3 - 3*A**2 - A - 1,,-A**6 - A**5 - 3*A**4 - 2*A**3 - 3*A**2 - A - 1,,492e87fb8d1e4c2744ab646780debc18915212a9fca6b1f6d50cace257bb1983,True,True,True,
68,random_0065,random_cycle_chord,crossing_rich,9,9.0,13.248798898824917,c36c091e0a677f1e54f027fc8bbb4661,200,0.9,0.05367362857127993,0.04830626571415193,0.011240798725235535,4.297405095040499,True,123162,0.01539525,0.1030900829937309,14,20,7,1,7,0,-6,True,16,22,1,7,3,True,True,12,18,1,7,3,True,True,1f5bac16dddd3291525a1a21da1bb9a2ac49b0fa9c9a2c67f4675c0443a14f4a,1837,0.0940960829902906,0.020148665993474424,True,False,2*A**16 - 7*A**15 + 11*A**14 - 3*A**13 - 20*A**12 + 61*A**11 - 98*A**10 + 132*A**9 - 138*A**8 + 132*A**7 - 98*A**6 + 61*A**5 - 20*A**4 - 3*A**3 + 11*A**2 - 7*A + 2,,2*A**16 - 7*A**15 + 11*A**14 - 3*A**13 - 20*A**12 + 61*A**11 - 98*A**10 + 132*A**9 - 138*A**8 + 132*A**7 - 98*A**6 + 61*A**5 - 20*A**4 - 3*A**3 + 11*A**2 - 7*A + 2,,1f5bac16dddd3291525a1a21da1bb9a2ac49b0fa9c9a2c67f4675c0443a14f4a,True,True,True,
69,random_0066,random_cycle_chord,crossing_rich,2,2.0,9.815395947876514,c87a2efe6cc18dd2d2f16e93c3b14a50,200,0.9,0.0724485405262693,0.06520368647364237,0.011626708677369183,5.608094971929429,True,108694,0.01358675,0.11431654199259356,10,13,4,1,4,0,-3,True,6,9,1,4,3,True,True,6,9,1,4,3,True,True,e5eecbc96f829e918daff19d19dc8c86160837a92055df7715466b8cb1e089fc,964,0.0867712089966517,0.011032708978746086,True,False,-A**8 + A**7 - 3*A**6 + 2*A**5 - 4*A**4 + 2*A**3 - 3*A**2 + A - 1,,-A**8 + A**7 - 3*A**6 + 2*A**5 - 4*A**4 + 2*A**3 - 3*A**2 + A - 1,,e5eecbc96f829e918daff19d19dc8c86160837a92055df7715466b8cb1e089fc,True,True,True,
70,random_0067,random_cycle_chord,baseline,0,,,f6cb2ecb86208aa52b318c5c3087775d,200,0.9,0.05759492590792929,0.051835433317136366,0.011356078103612619,4.564554139570982,True,55858,0.00698225,0.0850993339845445,13,15,3,1,3,0,-2,True,4,6,1,3,3,True,True,4,6,1,3,3,True,True,4f9e26e93d1c5179b226d87764f6e868748974a1786077d297f267aa73cde7ae,744,0.04614074999699369,0.008488584018778056,True,False,-A**6 - A**5 - 3*A**4 - 2*A**3 - 3*A**2 - A - 1,,-A**6 - A**5 - 3*A**4 - 2*A**3 - 3*A**2 - A - 1,,4f9e26e93d1c5179b226d87764f6e868748974a1786077d297f267aa73cde7ae,True,True,True,
71,random_0068,random_cycle_chord,baseline,0,,,15690ba2e9cfb14a6cdecbf5ca5b8d49,200,0.9,0.057492748469769483,0.05174347362279254,0.01132513858492149,4.568904233250161,True,55196,0.0068995,0.06809583399444818,13,15,3,1,3,0,-2,True,4,6,1,3,3,True,True,4,6,1,3,3,True,True,09a311ede81e91a41282c14ab95a4eefede8c88243d4fa1930b8e6ca75b7b907,778,0.03320070801419206,0.007072040985804051,True,False,-A**6 - A**5 - 3*A**4 - 2*A**3 - 3*A**2 - A - 1,,-A**6 - A**5 - 3*A**4 - 2*A**3 - 3*A**2 - A - 1,,09a311ede81e91a41282c14ab95a4eefede8c88243d4fa1930b8e6ca75b7b907,True,True,True,
72,random_0069,random_cycle_chord,baseline,0,,,cdb5c27d5dff0b0d326855a2ac7d7e4b,200,0.9,0.05031828388206557,0.04528645549385901,0.01117876316212082,4.051115032771419,True,51644,0.0064555,0.07449370800168253,15,18,4,1,4,0,-3,True,6,9,1,4,3,True,True,6,9,1,4,3,True,True,f6181d7b22619f976cb12ee8f6afc17841d6e3c4b78faf0855a4b3521e88ec7a,852,0.06607575001544319,0.015013207972515374,True,False,-A**8 - A**7 - 4*A**6 - 3*A**5 - 6*A**4 - 3*A**3 - 4*A**2 - A - 1,,-A**8 - A**7 - 4*A**6 - 3*A**5 - 6*A**4 - 3*A**3 - 4*A**2 - A - 1,,f6181d7b22619f976cb12ee8f6afc17841d6e3c4b78faf0855a4b3521e88ec7a,True,True,True,
73,random_0070,random_cycle_chord,crossing_rich,3,3.0,11.027032258640547,e2e8feb0a47d88aea3ac55077a8c7825,200,0.9,0.06448798683380105,0.05803918815042095,0.011481346277202233,5.05508559267702,True,104943,0.013117875,0.07583808398339897,11,15,5,1,5,0,-4,True,10,14,1,5,3,True,True,8,12,1,5,3,True,True,f36f3fed03b7a519c96f029d740ea2797d663cb2f46ed549780a7a5a1fdf6bfb,1113,0.07206604201928712,0.009593416994903237,True,False,-A**10 + 2*A**9 - 5*A**8 + 6*A**7 - 9*A**6 + 8*A**5 - 9*A**4 + 6*A**3 - 5*A**2 + 2*A - 1,,-A**10 + 2*A**9 - 5*A**8 + 6*A**7 - 9*A**6 + 8*A**5 - 9*A**4 + 6*A**3 - 5*A**2 + 2*A - 1,,f36f3fed03b7a519c96f029d740ea2797d663cb2f46ed549780a7a5a1fdf6bfb,True,True,True,
74,random_0071,random_cycle_chord,crossing_rich,5,5.0,14.25670051455305,ad639fff94e4a66bf5a2227d94e1836d,200,0.9,0.049879080393476626,0.04489117235412896,0.011189220103570034,4.012001903493344,True,79321,0.009915125,0.07184899999992922,12,17,6,1,6,0,-5,True,11,16,1,6,3,True,True,10,15,1,6,3,True,True,c22d22be152dc32fc7a5041b96f75f6d0de2ef379cfda2b86a2e0ecafd04c531,1347,0.07374583301134408,0.010718208010075614,True,False,A**11 - 4*A**10 + 11*A**9 - 19*A**8 + 26*A**7 - 35*A**6 + 30*A**5 - 36*A**4 + 20*A**3 - 20*A**2 + 6*A - 4,,A**11 - 4*A**10 + 11*A**9 - 19*A**8 + 26*A**7 - 35*A**6 + 30*A**5 - 36*A**4 + 20*A**3 - 20*A**2 + 6*A - 4,,c22d22be152dc32fc7a5041b96f75f6d0de2ef379cfda2b86a2e0ecafd04c531,True,True,True,
75,random_0072,random_cycle_chord,crossing_rich,6,6.0,13.135001747757197,abd746e482f4f756f2952f875de5a898,200,0.9,0.05413863848419612,0.048724774635776506,0.011286689006986605,4.317012243857809,True,99782,0.01247275,0.07624008299899288,13,18,6,1,6,0,-5,True,12,17,1,6,3,True,True,10,15,1,6,3,True,True,96d3444bba6ed76390fe99b5338b102517b226ebfd634b1ba03ef0ea7fe5178d,1456,0.0703439160133712,0.011662749981041998,True,False,2*A**14 - 2*A**13 + 2*A**12 + 8*A**11 - 15*A**10 + 32*A**9 - 34*A**8 + 44*A**7 - 34*A**6 + 32*A**5 - 15*A**4 + 8*A**3 + 2*A**2 - 2*A + 2,,2*A**14 - 2*A**13 + 2*A**12 + 8*A**11 - 15*A**10 + 32*A**9 - 34*A**8 + 44*A**7 - 34*A**6 + 32*A**5 - 15*A**4 + 8*A**3 + 2*A**2 - 2*A + 2,,96d3444bba6ed76390fe99b5338b102517b226ebfd634b1ba03ef0ea7fe5178d,True,True,True,
76,random_0073,random_cycle_chord,baseline,0,,,b7f57d3553d50f25c5be44b65115c3b8,200,0.9,0.057488070966797984,0.051739263870118186,0.011320995076254656,4.570204608483513,True,53800,0.006725,0.06570716600981541,13,15,3,1,3,0,-2,True,4,6,1,3,3,True,True,4,6,1,3,3,True,True,84765373abb0ee55dcaa004bd04491e970795110d6742ddad91865d0521e3f36,733,0.0334390829957556,0.00625620799837634,True,False,-A**6 - A**5 - 3*A**4 - 2*A**3 - 3*A**2 - A - 1,,-A**6 - A**5 - 3*A**4 - 2*A**3 - 3*A**2 - A - 1,,84765373abb0ee55dcaa004bd04491e970795110d6742ddad91865d0521e3f36,True,True,True,
77,random_0074,random_cycle_chord,crossing_rich,3,3.0,11.257461041086163,0ea767070aaa9d39f9740b10ad5b57da,200,0.9,0.06316798330598535,0.05685118497538681,0.01143563963363196,4.971404031322284,True,103878,0.01298475,0.07050483301281929,11,15,5,1,5,0,-4,True,8,12,1,5,3,True,True,8,12,1,5,3,True,True,bdc08fab7ea04ca3aa2cf139b5f867eb8decd2db03898451a74aeb61af5d235a,1216,0.06936749999294989,0.011379083996871486,True,False,-A**10 + 2*A**9 - 5*A**8 + 6*A**7 - 9*A**6 + 8*A**5 - 9*A**4 + 6*A**3 - 5*A**2 + 2*A - 1,,-A**10 + 2*A**9 - 5*A**8 + 6*A**7 - 9*A**6 + 8*A**5 - 9*A**4 + 6*A**3 - 5*A**2 + 2*A - 1,,bdc08fab7ea04ca3aa2cf139b5f867eb8decd2db03898451a74aeb61af5d235a,True,True,True,
78,random_0075,random_cycle_chord,baseline,0,,,fcb06304329c3a95c9fc63ab6e3f83f6,200,0.9,0.05875974092186492,0.05288376682967843,0.011374971752875948,4.6491339036782895,True,54708,0.0068385,0.05698083300376311,10,12,3,1,3,0,-2,True,4,6,1,3,3,True,True,4,6,1,3,3,True,True,7007b47098ed32052df70a6b2c7b9c6956a50f0648c699061ccbdca8660ea936,699,0.037037165981018916,0.006990750000113621,True,False,-A**6 - A**5 - 3*A**4 - 2*A**3 - 3*A**2 - A - 1,,-A**6 - A**5 - 3*A**4 - 2*A**3 - 3*A**2 - A - 1,,7007b47098ed32052df70a6b2c7b9c6956a50f0648c699061ccbdca8660ea936,True,True,True,
79,random_0076,random_cycle_chord,crossing_rich,2,2.0,9.779647870564581,9e66b0fa81952d5b2891447f79eb22f8,200,0.9,0.07271336560608276,0.06544202904547448,0.011640564346644395,5.621894875254854,True,110203,0.013775375,0.07450987500487827,10,13,4,1,4,0,-3,True,6,9,1,4,3,True,True,6,9,1,4,3,True,True,d5c4a76784c76876ee6de6e21d667c9ee5d5502e1e68cc5fea03f044c3aefe36,958,0.07686370800365694,0.009015000017825514,True,False,-A**8 + A**7 - 3*A**6 + 2*A**5 - 4*A**4 + 2*A**3 - 3*A**2 + A - 1,,-A**8 + A**7 - 3*A**6 + 2*A**5 - 4*A**4 + 2*A**3 - 3*A**2 + A - 1,,d5c4a76784c76876ee6de6e21d667c9ee5d5502e1e68cc5fea03f044c3aefe36,True,True,True,
80,random_0077,random_cycle_chord,crossing_rich,4,4.0,12.044659781601196,0ba4cef7d36938b0547a48dd8590384b,200,0.9,0.0590395348648509,0.053135581378365805,0.011356309936443633,4.678947798690132,True,96299,0.012037375,0.06894504200317897,11,15,5,1,5,0,-4,True,8,12,1,5,3,True,True,8,12,1,5,3,True,True,de8de409d3276820bfe26d8e20b51329b589b7d75c9ac5fe20f7e3a2d28c3453,1210,0.0795856670010835,0.011012792005203664,True,False,-A**10 + 2*A**9 - 7*A**8 + 5*A**7 - 14*A**6 + 6*A**5 - 14*A**4 + 5*A**3 - 7*A**2 + 2*A - 1,,-A**10 + 2*A**9 - 7*A**8 + 5*A**7 - 14*A**6 + 6*A**5 - 14*A**4 + 5*A**3 - 7*A**2 + 2*A - 1,,de8de409d3276820bfe26d8e20b51329b589b7d75c9ac5fe20f7e3a2d28c3453,True,True,True,
81,random_0078,random_cycle_chord,crossing_rich,2,2.0,8.943772385698885,74b2009f75f7aa39b3078aa9dd4b778d,200,0.9,0.07950907966398828,0.07155817169758945,0.011766408653735816,6.08156437562364,True,124751,0.015593875,0.10484299997915514,9,12,4,1,4,0,-3,True,6,9,1,4,3,True,True,6,9,1,4,3,True,True,9b52fea8b5378d22ba42277403caf109f01a1f2612260654345ed4e769bd0011,988,0.07861295799375512,0.009048375010024756,True,False,-A**8 + A**7 - 3*A**6 + 2*A**5 - 4*A**4 + 2*A**3 - 3*A**2 + A - 1,,-A**8 + A**7 - 3*A**6 + 2*A**5 - 4*A**4 + 2*A**3 - 3*A**2 + A - 1,,9b52fea8b5378d22ba42277403caf109f01a1f2612260654345ed4e769bd0011,True,True,True,
82,random_0079,random_cycle_chord,crossing_rich,6,6.0,12.971745381774852,3121daef6f57004910b13a12729ca2fa,200,0.9,0.054820002257384245,0.049338002031645824,0.011269236900196343,4.378113839348448,True,103480,0.012935,0.0825967499986291,13,18,6,1,6,0,-5,True,15,20,1,6,3,True,True,10,15,1,6,3,True,True,b5ce5b6c68305dd4fe4ef13b07fa08142a275e52656b3621f2b4097d01d6ad0b,1549,0.06872233399190009,0.012887041986687109,True,False,2*A**18 - 3*A**17 + 7*A**16 - A**15 - 4*A**14 + 22*A**13 - 30*A**12 + 43*A**11 - 41*A**10 + 40*A**9 - 27*A**8 + 17*A**7 - 3*A**6 + 4*A**4 + A**3 + A**2 + A + 1,,2*A**18 - 3*A**17 + 7*A**16 - A**15 - 4*A**14 + 22*A**13 - 30*A**12 + 43*A**11 - 41*A**10 + 40*A**9 - 27*A**8 + 17*A**7 - 3*A**6 + 4*A**4 + A**3 + A**2 + A + 1,,b5ce5b6c68305dd4fe4ef13b07fa08142a275e52656b3621f2b4097d01d6ad0b,True,True,True,
83,random_0080,random_cycle_chord,crossing_rich,5,5.0,14.19490544517272,7272a6665a131dd6ed0f15277302953e,200,0.9,0.050096220355799526,0.04508659832021957,0.011180642022290249,4.032558973834671,True,82335,0.010291875,0.07196237499010749,12,17,6,1,6,0,-5,True,14,19,1,6,3,True,True,10,15,1,6,3,True,True,edd4aca8c9b8011147fdb3d1f0f065d199cec93c6a6db9c2f27dabef681910ce,1420,0.06410266700549982,0.011508583993418142,True,False,A**14 + A**13 - 3*A**12 + 12*A**11 - 18*A**10 + 29*A**9 - 30*A**8 + 35*A**7 - 26*A**6 + 24*A**5 - 10*A**4 + 7*A**3 + A**2 + 1,,A**14 + A**13 - 3*A**12 + 12*A**11 - 18*A**10 + 29*A**9 - 30*A**8 + 35*A**7 - 26*A**6 + 24*A**5 - 10*A**4 + 7*A**3 + A**2 + 1,,edd4aca8c9b8011147fdb3d1f0f065d199cec93c6a6db9c2f27dabef681910ce,True,True,True,
84,random_0081,random_cycle_chord,crossing_rich,2,2.0,8.949722160557776,a17d4027c28a77bd091908d86be3664e,200,0.9,0.07945622203167838,0.07151059982851055,0.011762313917656768,6.079637078990368,True,121943,0.015242875,0.08670366698061116,9,12,4,1,4,0,-3,True,6,9,1,4,3,True,True,6,9,1,4,3,True,True,4288d5510f650d9a914ef521b78a4c3279895e314f56cdfecdef91213718c732,960,0.07795433298451826,0.008993333991384134,True,False,-A**8 + A**7 - 3*A**6 + 2*A**5 - 4*A**4 + 2*A**3 - 3*A**2 + A - 1,,-A**8 + A**7 - 3*A**6 + 2*A**5 - 4*A**4 + 2*A**3 - 3*A**2 + A - 1,,4288d5510f650d9a914ef521b78a4c3279895e314f56cdfecdef91213718c732,True,True,True,
85,random_0082,random_cycle_chord,crossing_rich,3,3.0,13.128263482664002,6d1233519c230cbb3f48768e4f1dd4c4,200,0.9,0.05416642589860724,0.04874978330874652,0.011276018775269668,4.3233151948685595,True,78287,0.009785875,0.06255208299262449,11,15,5,1,5,0,-4,True,8,12,1,5,3,True,True,8,12,1,5,3,True,True,1daffe71f68bc67020918fe72a1582db9b5b12620644d47b876947817fff6a9f,1204,0.06383854197338223,0.01081837501260452,True,False,-A**10 + 2*A**9 - 5*A**8 + 6*A**7 - 9*A**6 + 8*A**5 - 9*A**4 + 6*A**3 - 5*A**2 + 2*A - 1,,-A**10 + 2*A**9 - 5*A**8 + 6*A**7 - 9*A**6 + 8*A**5 - 9*A**4 + 6*A**3 - 5*A**2 + 2*A - 1,,1daffe71f68bc67020918fe72a1582db9b5b12620644d47b876947817fff6a9f,True,True,True,
86,random_0083,random_cycle_chord,crossing_rich,6,6.0,13.329052790303958,f57eeb29ecd3774cc3f8c63513aebae3,200,0.9,0.05335046100413072,0.04801541490371765,0.011244349096768715,4.270181803366086,True,98546,0.01231825,0.08560787499300204,13,18,6,1,6,0,-5,True,14,19,1,6,3,True,True,10,15,1,6,3,True,True,37faef6ba076af1385c140aeaf3fadc0cd203e67f9ab4bfb6200ddc4de7cb4bc,1552,0.06849554198561236,0.012313374987570569,True,False,-A**12 + 3*A**11 - 11*A**10 + 15*A**9 - 29*A**8 + 27*A**7 - 38*A**6 + 27*A**5 - 29*A**4 + 15*A**3 - 11*A**2 + 3*A - 1,,-A**12 + 3*A**11 - 11*A**10 + 15*A**9 - 29*A**8 + 27*A**7 - 38*A**6 + 27*A**5 - 29*A**4 + 15*A**3 - 11*A**2 + 3*A - 1,,37faef6ba076af1385c140aeaf3fadc0cd203e67f9ab4bfb6200ddc4de7cb4bc,True,True,True,
87,random_0084,random_cycle_chord,crossing_rich,2,2.0,10.227770738333367,cb3687284204b54a1f6026fa8a861744,200,0.9,0.06952747859764677,0.0625747307378821,0.011569789997798731,5.4084586452984516,True,99869,0.012483625,0.06537162500899285,10,13,4,1,4,0,-3,True,6,9,1,4,3,True,True,6,9,1,4,3,True,True,385c03995288153ce4fe044c8d7e1fd06aad4f1c4d28309043692e94f05d6228,972,0.07262337498832494,0.008836708002490923,True,False,-A**8 + A**7 - 3*A**6 + 2*A**5 - 4*A**4 + 2*A**3 - 3*A**2 + A - 1,,-A**8 + A**7 - 3*A**6 + 2*A**5 - 4*A**4 + 2*A**3 - 3*A**2 + A - 1,,385c03995288153ce4fe044c8d7e1fd06aad4f1c4d28309043692e94f05d6228,True,True,True,
88,random_0085,random_cycle_chord,crossing_rich,2,2.0,10.341846949871588,fae36ee7f76a92113e0c83a20912d0aa,200,0.9,0.06876055259355204,0.06188449733419684,0.01155333312572769,5.356419369263104,True,94655,0.011831875,0.06420891699963249,10,13,4,1,4,0,-3,True,6,9,1,4,3,True,True,6,9,1,4,3,True,True,bb637470ed4bd6ec6ae2cabb26ac60138a483510658caa78a0339feabcdcf082,923,0.07485120798810385,0.009395625005709007,True,False,-A**8 + A**7 - 3*A**6 + 2*A**5 - 4*A**4 + 2*A**3 - 3*A**2 + A - 1,,-A**8 + A**7 - 3*A**6 + 2*A**5 - 4*A**4 + 2*A**3 - 3*A**2 + A - 1,,bb637470ed4bd6ec6ae2cabb26ac60138a483510658caa78a0339feabcdcf082,True,True,True,
89,random_0086,random_cycle_chord,baseline,0,,,3548961aa89bcaeb30f82f691c1470c0,200,0.9,0.05366769524686049,0.04830092572217445,0.011245235890967747,4.295234550034659,True,58328,0.007291,0.07324270802200772,14,17,4,1,4,0,-3,True,6,9,1,4,3,True,True,6,9,1,4,3,True,True,a7646467c0340aca8a8c4e4f2054ea55fe3f2d965bc1c7a33b954fba37578998,919,0.07131566599127837,0.009161791997030377,True,False,-A**8 - A**7 - 4*A**6 - 3*A**5 - 6*A**4 - 3*A**3 - 4*A**2 - A - 1,,-A**8 - A**7 - 4*A**6 - 3*A**5 - 6*A**4 - 3*A**3 - 4*A**2 - A - 1,,a7646467c0340aca8a8c4e4f2054ea55fe3f2d965bc1c7a33b954fba37578998,True,True,True,
90,random_0087,random_cycle_chord,crossing_rich,2,2.0,11.563236840557888,bc0cf7ceb69e1836068831db1a5b7fb5,200,0.9,0.06149758246037987,0.05534782421434188,0.011420159082482064,4.846502033342302,True,82522,0.01031525,0.05961741600185633,10,13,4,1,4,0,-3,True,6,9,1,4,3,True,True,6,9,1,4,3,True,True,15eec769d3eb8440229d69db254a901307261495f0d43476c3324f3ccfca7462,979,0.06556304200785235,0.009235959005309269,True,False,-A**8 + A**7 - 3*A**6 + 2*A**5 - 4*A**4 + 2*A**3 - 3*A**2 + A - 1,,-A**8 + A**7 - 3*A**6 + 2*A**5 - 4*A**4 + 2*A**3 - 3*A**2 + A - 1,,15eec769d3eb8440229d69db254a901307261495f0d43476c3324f3ccfca7462,True,True,True,
91,random_0088,random_cycle_chord,baseline,0,,,db66966f42fa5c2f6d83cadf8fe17186,200,0.9,0.05038810196197622,0.0453492917657786,0.011208929390331333,4.045818310256845,True,58237,0.007279625,0.0824148329847958,15,19,5,1,5,0,-4,True,8,12,1,5,3,True,True,8,12,1,5,3,True,True,3554203f13c6db79ac7eb7ed35aa2525de6eea8a4d9b77b57bfbca5495c169cf,1069,0.06096329100546427,0.0104945829953067,True,False,-A**10 - A**9 - 5*A**8 - 4*A**7 - 10*A**6 - 6*A**5 - 10*A**4 - 4*A**3 - 5*A**2 - A - 1,,-A**10 - A**9 - 5*A**8 - 4*A**7 - 10*A**6 - 6*A**5 - 10*A**4 - 4*A**3 - 5*A**2 - A - 1,,3554203f13c6db79ac7eb7ed35aa2525de6eea8a4d9b77b57bfbca5495c169cf,True,True,True,
92,random_0089,random_cycle_chord,crossing_rich,5,5.0,14.05829647944916,bb2c7ed8feef84917625e983562a84b2,200,0.9,0.05058302136042121,0.04552471922437909,0.011194280792100084,4.066783750547542,True,78296,0.009787,0.06401462500798516,10,14,5,1,5,0,-4,True,8,12,1,5,3,True,True,8,12,1,5,3,True,True,38cfa294a35a663dd9611858a788e3f5e63c8a530e2942ce01aa92e827d08f90,1326,0.06653454099432565,0.011203500005649403,True,False,A**9 - 4*A**8 + 5*A**7 - 11*A**6 + 8*A**5 - 14*A**4 + 7*A**3 - 10*A**2 + 3*A - 3,,A**9 - 4*A**8 + 5*A**7 - 11*A**6 + 8*A**5 - 14*A**4 + 7*A**3 - 10*A**2 + 3*A - 3,,38cfa294a35a663dd9611858a788e3f5e63c8a530e2942ce01aa92e827d08f90,True,True,True,
93,random_0090,random_cycle_chord,crossing_rich,5,5.0,13.966425819359511,99a64eed4ffb91c69fe777b09b4a245a,200,0.9,0.050915754704070885,0.045824179233663796,0.011211583690883063,4.08721733673778,True,82918,0.01036475,0.07270525000058115,12,17,6,1,6,0,-5,True,11,16,1,6,3,True,True,10,15,1,6,3,True,True,c7a7e85a94302675a6e5566d23597d4511a92fded371af0aee71f4cced699b21,1392,0.07278124999720603,0.011403415992390364,True,False,4*A**11 - 6*A**10 + 20*A**9 - 20*A**8 + 36*A**7 - 30*A**6 + 35*A**5 - 26*A**4 + 19*A**3 - 11*A**2 + 4*A - 1,,4*A**11 - 6*A**10 + 20*A**9 - 20*A**8 + 36*A**7 - 30*A**6 + 35*A**5 - 26*A**4 + 19*A**3 - 11*A**2 + 4*A - 1,,c7a7e85a94302675a6e5566d23597d4511a92fded371af0aee71f4cced699b21,True,True,True,
94,random_0091,random_cycle_chord,baseline,0,,,bc0c53ec9fcf19b8932a465c5162b3af,200,0.9,0.06185166426885691,0.05566649784197122,0.011424378424684333,4.872606261159397,True,74843,0.009355375,0.06871350001893006,12,15,4,1,4,0,-3,True,6,9,1,4,3,True,True,6,9,1,4,3,True,True,2c718bd43c9e16be3880d205467cc399b9b65bf863d4862db2803313299f54c4,941,0.042202374985208735,0.008894916012650356,True,False,-A**8 - A**7 - 4*A**6 - 3*A**5 - 6*A**4 - 3*A**3 - 4*A**2 - A - 1,,-A**8 - A**7 - 4*A**6 - 3*A**5 - 6*A**4 - 3*A**3 - 4*A**2 - A - 1,,2c718bd43c9e16be3880d205467cc399b9b65bf863d4862db2803313299f54c4,True,True,True,
95,random_0092,random_cycle_chord,crossing_rich,4,4.0,10.634411669652785,9000479d2e59a126b74cc6270d44f3d5,200,0.9,0.0668688718474568,0.060181984662711116,0.011519869003528431,5.224190018504371,True,119661,0.014957625,0.07369308298802935,11,15,5,1,5,0,-4,True,8,12,1,5,3,True,True,8,12,1,5,3,True,True,6bfb2c35d4149449e65ce00286aa2c491ddb3931a72d34cbbc58f06ea6b6ab1f,1186,0.08293608299572952,0.009936541988281533,True,False,A**12 + 2*A**11 - 2*A**10 + 8*A**9 - 8*A**8 + 13*A**7 - 9*A**6 + 13*A**5 - 4*A**4 + 7*A**3 + A**2 + A + 1,,A**12 + 2*A**11 - 2*A**10 + 8*A**9 - 8*A**8 + 13*A**7 - 9*A**6 + 13*A**5 - 4*A**4 + 7*A**3 + A**2 + A + 1,,6bfb2c35d4149449e65ce00286aa2c491ddb3931a72d34cbbc58f06ea6b6ab1f,True,True,True,
96,random_0093,random_cycle_chord,baseline,0,,,3a351d58f4eb5873cb60bb786dd613d2,200,0.9,0.05367180805714986,0.048304627251434876,0.011243304621818082,4.296301565795684,True,56670,0.00708375,0.06959429199923761,14,17,4,1,4,0,-3,True,6,9,1,4,3,True,True,6,9,1,4,3,True,True,3daf7f68116a19ac61ecf07e213d2e0820d479fadd02fe960eb9c57195bbbb91,856,0.03499558399198577,0.007751957979053259,True,False,-A**8 - A**7 - 4*A**6 - 3*A**5 - 6*A**4 - 3*A**3 - 4*A**2 - A - 1,,-A**8 - A**7 - 4*A**6 - 3*A**5 - 6*A**4 - 3*A**3 - 4*A**2 - A - 1,,3daf7f68116a19ac61ecf07e213d2e0820d479fadd02fe960eb9c57195bbbb91,True,True,True,
97,random_0094,random_cycle_chord,crossing_rich,5,5.0,10.633110924512788,28443a4ad08d47a92d180435b7b6280d,200,0.9,0.06687705189567505,0.06018934670610755,0.011517785684248709,5.225774151052336,True,127597,0.015949625,0.07438791700406,11,15,5,1,5,0,-4,True,8,12,1,5,3,True,True,8,12,1,5,3,True,True,cf73feb2913537adb5306d92a1dd6e19c075f3aa8673083ce25a44d9c5ec6a74,1313,0.07462649999069981,0.010525000019697472,True,False,A**12 + A**11 - A**10 + 7*A**9 - 7*A**8 + 13*A**7 - 10*A**6 + 13*A**5 - 7*A**4 + 7*A**3 - A**2 + A + 1,,A**12 + A**11 - A**10 + 7*A**9 - 7*A**8 + 13*A**7 - 10*A**6 + 13*A**5 - 7*A**4 + 7*A**3 - A**2 + A + 1,,cf73feb2913537adb5306d92a1dd6e19c075f3aa8673083ce25a44d9c5ec6a74,True,True,True,
98,random_0095,random_cycle_chord,baseline,0,,,ac248208ae374e8a4f8aa20e84131332,200,0.9,0.05366891467688544,0.048302023209196895,0.01125717671980482,4.290775956658728,True,58148,0.0072685,0.07687641601660289,14,17,4,1,4,0,-3,True,6,9,1,4,3,True,True,6,9,1,4,3,True,True,5074d9b6784fbfbc2d2f9271ebe8cc31686bff5e3d251f15dd48764feb8a3773,923,0.03682520901202224,0.008357707993127406,True,False,-A**8 - A**7 - 4*A**6 - 3*A**5 - 6*A**4 - 3*A**3 - 4*A**2 - A - 1,,-A**8 - A**7 - 4*A**6 - 3*A**5 - 6*A**4 - 3*A**3 - 4*A**2 - A - 1,,5074d9b6784fbfbc2d2f9271ebe8cc31686bff5e3d251f15dd48764feb8a3773,True,True,True,
99,random_0096,random_cycle_chord,baseline,0,,,efa81f8d435c5ba80e07756432e1f676,200,0.9,0.050433945025648116,0.04539055052308331,0.011172163504667655,4.062825477278365,True,43383,0.005422875,0.055724707985064015,11,13,3,1,3,0,-2,True,4,6,1,3,3,True,True,4,6,1,3,3,True,True,7142b1a70471399358412580f593de203ff5e1af3c23fa5310a8c7afff76c555,750,0.028320124984020367,0.007208708004327491,True,False,-A**6 - A**5 - 3*A**4 - 2*A**3 - 3*A**2 - A - 1,,-A**6 - A**5 - 3*A**4 - 2*A**3 - 3*A**2 - A - 1,,7142b1a70471399358412580f593de203ff5e1af3c23fa5310a8c7afff76c555,True,True,True,
