index,case,kind,embedding_family,designed_crossings,nodes,edges,cycle_rank,max_degree,recovered_graph_sha256,recovered_yamada,recovered_yamada_error,recovered_yamada_graph_sha256,true_yamada,yamada_match,primary_topology_pass,overall_pass
0,control_trivial_theta,control,baseline_control,0,2,3,2,3,69211fb6a6506cdd6036adb8c0d2405e4b26eaf6458949e3a9cbfa20dfbf0501,-A**4 - A**3 - 2*A**2 - A - 1,,69211fb6a6506cdd6036adb8c0d2405e4b26eaf6458949e3a9cbfa20dfbf0501,-A**4 - A**3 - 2*A**2 - A - 1,True,True,True
1,control_trefoil_theta,control,knotted_crossing_control,0,2,3,2,3,9745ecbbd6843e8b90b2fd53dbd1b83e620da464a3688f8dc2375601f9f702ce,A**12 - A**8 - A**6 - A**4 - A**3 - A**2 - A - 1,,9745ecbbd6843e8b90b2fd53dbd1b83e620da464a3688f8dc2375601f9f702ce,A**12 - A**8 - A**6 - A**4 - A**3 - A**2 - A - 1,True,True,True
2,control_k4_genus3,control,spatial_control,0,4,6,3,3,c06bf712f1afd49fe412d479436d0ba794fa4968068c3d74af28f78cdefbd39f,-A**6 - 2*A**4 - 2*A**2 - 1,,c06bf712f1afd49fe412d479436d0ba794fa4968068c3d74af28f78cdefbd39f,-A**6 - 2*A**4 - 2*A**2 - 1,True,True,True
3,random_0000,random_cycle_chord,baseline,0,4,6,3,3,d14c4ea29afafcaab21f47b4d4c6ba06c02f4ab214a4e1e9c5c316116cf3b3e5,-A**6 - A**5 - 3*A**4 - 2*A**3 - 3*A**2 - A - 1,,d14c4ea29afafcaab21f47b4d4c6ba06c02f4ab214a4e1e9c5c316116cf3b3e5,-A**6 - A**5 - 3*A**4 - 2*A**3 - 3*A**2 - A - 1,True,True,True
4,random_0001,random_cycle_chord,crossing_rich,3,6,9,4,3,5582c8ec6e22966f99753f051fed621f77e4cdd744ece4398451c88006cc603d,A**14 + 2*A**12 + 2*A**11 - A**10 + 4*A**9 - 4*A**8 + 4*A**7 - 4*A**6 + 2*A**5 - 2*A**4 - A**3 - A**2 - A - 1,,5582c8ec6e22966f99753f051fed621f77e4cdd744ece4398451c88006cc603d,A**14 + 2*A**12 + 2*A**11 - A**10 + 4*A**9 - 4*A**8 + 4*A**7 - 4*A**6 + 2*A**5 - 2*A**4 - A**3 - A**2 - A - 1,True,True,True
5,random_0002,random_cycle_chord,baseline,0,6,9,4,3,a8832f0b5316d3e07ce90dec93e23aba170dfe63841d1cf2c50f5fdabee01ccb,-A**8 - A**7 - 4*A**6 - 3*A**5 - 6*A**4 - 3*A**3 - 4*A**2 - A - 1,,a8832f0b5316d3e07ce90dec93e23aba170dfe63841d1cf2c50f5fdabee01ccb,-A**8 - A**7 - 4*A**6 - 3*A**5 - 6*A**4 - 3*A**3 - 4*A**2 - A - 1,True,True,True
6,random_0003,random_cycle_chord,crossing_rich,3,8,12,5,3,90d4fe38b3e8d6b05ac157671a7c6e3c0762e2e7c805c3d0185ed99b561583e5,-A**10 + 2*A**9 - 5*A**8 + 6*A**7 - 9*A**6 + 8*A**5 - 9*A**4 + 6*A**3 - 5*A**2 + 2*A - 1,,90d4fe38b3e8d6b05ac157671a7c6e3c0762e2e7c805c3d0185ed99b561583e5,-A**10 + 2*A**9 - 5*A**8 + 6*A**7 - 9*A**6 + 8*A**5 - 9*A**4 + 6*A**3 - 5*A**2 + 2*A - 1,True,True,True
7,random_0004,random_cycle_chord,baseline,0,4,6,3,3,8ba7ed92a1105f7219c2f909b6565f4b212484be0aaa750807dd41f85f6fe1ae,-A**6 - A**5 - 3*A**4 - 2*A**3 - 3*A**2 - A - 1,,8ba7ed92a1105f7219c2f909b6565f4b212484be0aaa750807dd41f85f6fe1ae,-A**6 - A**5 - 3*A**4 - 2*A**3 - 3*A**2 - A - 1,True,True,True
8,random_0005,random_cycle_chord,crossing_rich,3,6,9,4,3,7f83fd756d4ea58f76ed10ff69fa500ddd76659b6c9aa80343ac4ffe6b2ac0d8,2*A**7 - A**6 + 4*A**5 - 3*A**4 + 3*A**3 - 4*A**2 + A - 2,,7f83fd756d4ea58f76ed10ff69fa500ddd76659b6c9aa80343ac4ffe6b2ac0d8,,,True,True
9,random_0006,random_cycle_chord,baseline,0,4,6,3,3,4479f4dc407b97e6709d957c9302c8364be327398bec05670c517b1c0ce66837,-A**6 - A**5 - 3*A**4 - 2*A**3 - 3*A**2 - A - 1,,4479f4dc407b97e6709d957c9302c8364be327398bec05670c517b1c0ce66837,-A**6 - A**5 - 3*A**4 - 2*A**3 - 3*A**2 - A - 1,True,True,True
10,random_0007,random_cycle_chord,crossing_rich,6,10,15,6,3,c0ed91d38bb556dc0a1591bfd61cc2c919c51e1d84452eb71bb7d1be46b8986a,2*A**14 + A**13 - 2*A**12 + 15*A**11 - 20*A**10 + 35*A**9 - 34*A**8 + 40*A**7 - 29*A**6 + 25*A**5 - 10*A**4 + 5*A**3 + 2*A**2 - A + 1,,c0ed91d38bb556dc0a1591bfd61cc2c919c51e1d84452eb71bb7d1be46b8986a,2*A**14 + A**13 - 2*A**12 + 15*A**11 - 20*A**10 + 35*A**9 - 34*A**8 + 40*A**7 - 29*A**6 + 25*A**5 - 10*A**4 + 5*A**3 + 2*A**2 - A + 1,True,True,True
11,random_0008,random_cycle_chord,baseline,0,4,6,3,3,9e4278311e9321732521c71cd96c9585b8a0a5a4e4e3d12b8a2b51672d896e92,-A**6 - A**5 - 3*A**4 - 2*A**3 - 3*A**2 - A - 1,,9e4278311e9321732521c71cd96c9585b8a0a5a4e4e3d12b8a2b51672d896e92,-A**6 - A**5 - 3*A**4 - 2*A**3 - 3*A**2 - A - 1,True,True,True
12,random_0009,random_cycle_chord,baseline,0,6,9,4,3,7a819357b23cfcc8cccd7df7263d1cbca5b8aeba885a619b47b5147037da503e,-A**8 - A**7 - 4*A**6 - 3*A**5 - 6*A**4 - 3*A**3 - 4*A**2 - A - 1,,7a819357b23cfcc8cccd7df7263d1cbca5b8aeba885a619b47b5147037da503e,-A**8 - A**7 - 4*A**6 - 3*A**5 - 6*A**4 - 3*A**3 - 4*A**2 - A - 1,True,True,True
13,random_0010,random_cycle_chord,baseline,0,4,6,3,3,88626dedc3b2527dfd07ae149661950e3e7520b9cf080e530819bf931888b0fc,-A**6 - A**5 - 3*A**4 - 2*A**3 - 3*A**2 - A - 1,,88626dedc3b2527dfd07ae149661950e3e7520b9cf080e530819bf931888b0fc,-A**6 - A**5 - 3*A**4 - 2*A**3 - 3*A**2 - A - 1,True,True,True
14,random_0011,random_cycle_chord,baseline,0,4,6,3,3,54b2ae1c7c52ef8d11a8038116eb6e0021b2b562f78fe2543e2e1007a674c8ec,-A**6 - A**5 - 3*A**4 - 2*A**3 - 3*A**2 - A - 1,,54b2ae1c7c52ef8d11a8038116eb6e0021b2b562f78fe2543e2e1007a674c8ec,-A**6 - A**5 - 3*A**4 - 2*A**3 - 3*A**2 - A - 1,True,True,True
15,random_0012,random_cycle_chord,baseline,0,4,6,3,3,20712cbe3216511f27231d185d63dd3d996c081cdddfbca1ce113e80d5769357,-A**6 - A**5 - 3*A**4 - 2*A**3 - 3*A**2 - A - 1,,20712cbe3216511f27231d185d63dd3d996c081cdddfbca1ce113e80d5769357,-A**6 - A**5 - 3*A**4 - 2*A**3 - 3*A**2 - A - 1,True,True,True
16,random_0013,random_cycle_chord,crossing_rich,4,8,12,5,3,40b99b6902d786bb4c0bdcb68fde1c9e4e07f822432541bf359cedffa59a077b,-A**10 + 2*A**9 - 7*A**8 + 5*A**7 - 14*A**6 + 6*A**5 - 14*A**4 + 5*A**3 - 7*A**2 + 2*A - 1,,40b99b6902d786bb4c0bdcb68fde1c9e4e07f822432541bf359cedffa59a077b,-A**10 + 2*A**9 - 7*A**8 + 5*A**7 - 14*A**6 + 6*A**5 - 14*A**4 + 5*A**3 - 7*A**2 + 2*A - 1,True,True,True
17,random_0014,random_cycle_chord,crossing_rich,2,6,9,4,3,a5737bf105139f6f1e128844d6e37f64fdb1ff0d786f5abc2efa0c3a6434955e,-A**8 + A**7 - 3*A**6 + 2*A**5 - 4*A**4 + 2*A**3 - 3*A**2 + A - 1,,a5737bf105139f6f1e128844d6e37f64fdb1ff0d786f5abc2efa0c3a6434955e,-A**8 + A**7 - 3*A**6 + 2*A**5 - 4*A**4 + 2*A**3 - 3*A**2 + A - 1,True,True,True
18,random_0015,random_cycle_chord,crossing_rich,5,8,12,5,3,b6ad7c7ab3431858be9039b421e90f5a884d07f6af6b66d3240975791b903379,A**18 - A**17 + 4*A**16 - A**15 + A**14 + 7*A**13 - 9*A**12 + 14*A**11 - 14*A**10 + 13*A**9 - 10*A**8 + 6*A**7 - A**6 + A**5 + 2*A**4 + 2*A**3 + A**2 + A + 1,,b6ad7c7ab3431858be9039b421e90f5a884d07f6af6b66d3240975791b903379,A**18 - A**17 + 4*A**16 - A**15 + A**14 + 7*A**13 - 9*A**12 + 14*A**11 - 14*A**10 + 13*A**9 - 10*A**8 + 6*A**7 - A**6 + A**5 + 2*A**4 + 2*A**3 + A**2 + A + 1,True,True,True
19,random_0016,random_cycle_chord,crossing_rich,6,10,15,6,3,7c469e0007e937b3f4b48b1d0c29ef55ea41959b31e15be0b30172e60c8478d9,,RuntimeError: All projection samples failed: sample 0: Found overlapping (colinear) projected segments; sample 1: Nongeneric projection: crossing strands are numerically tangent.; sample 2: Nongeneric projection: crossing strands are numerically tangent.; sample 3: Nongeneric projection: crossing strands are numerically tangent.; sample 4: Nongeneric projection: crossing strands are numerically tangent.; sample 5: Nongeneric projection: crossing strands are numerically tangent.,,,,True,True
20,random_0017,random_cycle_chord,baseline,0,6,9,4,3,3eb524009f62fc2893bce508cbfd7aba797659885aa87cfa588ef9a4670986ea,-A**8 - A**7 - 4*A**6 - 3*A**5 - 6*A**4 - 3*A**3 - 4*A**2 - A - 1,,3eb524009f62fc2893bce508cbfd7aba797659885aa87cfa588ef9a4670986ea,-A**8 - A**7 - 4*A**6 - 3*A**5 - 6*A**4 - 3*A**3 - 4*A**2 - A - 1,True,True,True
21,random_0018,random_cycle_chord,crossing_rich,7,10,15,6,3,161a1ab9ae075c222bf7ccd2236e92de875a338e02f1d93e519b317f243b63a8,-4*A**10 + 9*A**9 - 20*A**8 + 27*A**7 - 36*A**6 + 36*A**5 - 36*A**4 + 27*A**3 - 20*A**2 + 9*A - 4,,161a1ab9ae075c222bf7ccd2236e92de875a338e02f1d93e519b317f243b63a8,-4*A**10 + 9*A**9 - 20*A**8 + 27*A**7 - 36*A**6 + 36*A**5 - 36*A**4 + 27*A**3 - 20*A**2 + 9*A - 4,True,True,True
22,random_0019,random_cycle_chord,baseline,0,4,6,3,3,d5f3d3b3ba35398fc850cd2cfa57a418cd69e9f4dc66bb911ba03d2accb56817,-A**6 - A**5 - 3*A**4 - 2*A**3 - 3*A**2 - A - 1,,d5f3d3b3ba35398fc850cd2cfa57a418cd69e9f4dc66bb911ba03d2accb56817,-A**6 - A**5 - 3*A**4 - 2*A**3 - 3*A**2 - A - 1,True,True,True
23,random_0020,random_cycle_chord,baseline,0,6,9,4,3,4aefd423302f7cf50d3096e59c8c25c693dd58232c786ec391b882d9a78c673d,-A**8 - A**7 - 4*A**6 - 3*A**5 - 6*A**4 - 3*A**3 - 4*A**2 - A - 1,,4aefd423302f7cf50d3096e59c8c25c693dd58232c786ec391b882d9a78c673d,-A**8 - A**7 - 4*A**6 - 3*A**5 - 6*A**4 - 3*A**3 - 4*A**2 - A - 1,True,True,True
24,random_0021,random_cycle_chord,baseline,0,6,9,4,3,22d8f15a6befe60c5f38978bfa76e23ea8f3b617055d7d74e1450620f307863a,-A**8 - A**7 - 4*A**6 - 3*A**5 - 6*A**4 - 3*A**3 - 4*A**2 - A - 1,,22d8f15a6befe60c5f38978bfa76e23ea8f3b617055d7d74e1450620f307863a,-A**8 - A**7 - 4*A**6 - 3*A**5 - 6*A**4 - 3*A**3 - 4*A**2 - A - 1,True,True,True
25,random_0022,random_cycle_chord,crossing_rich,4,8,12,5,3,bc4bef65606536c9e89373fdc8af91ad91bfebe122a1590cd05864646ed9d997,-A**10 + 2*A**9 - 7*A**8 + 5*A**7 - 14*A**6 + 6*A**5 - 14*A**4 + 5*A**3 - 7*A**2 + 2*A - 1,,bc4bef65606536c9e89373fdc8af91ad91bfebe122a1590cd05864646ed9d997,-A**10 + 2*A**9 - 7*A**8 + 5*A**7 - 14*A**6 + 6*A**5 - 14*A**4 + 5*A**3 - 7*A**2 + 2*A - 1,True,True,True
26,random_0023,random_cycle_chord,baseline,0,6,9,4,3,e8f73cec243f762bb4ae9881c9d58b144f27f8c59278b3c8ae25461aa55579b9,-A**8 - A**7 - 4*A**6 - 3*A**5 - 6*A**4 - 3*A**3 - 4*A**2 - A - 1,,e8f73cec243f762bb4ae9881c9d58b144f27f8c59278b3c8ae25461aa55579b9,-A**8 - A**7 - 4*A**6 - 3*A**5 - 6*A**4 - 3*A**3 - 4*A**2 - A - 1,True,True,True
27,random_0024,random_cycle_chord,crossing_rich,4,8,12,5,3,11ffdd9991d349aad9614ceb54e246aa512b3e469810e788f963ef59f6369b94,-A**10 + 2*A**9 - 7*A**8 + 5*A**7 - 14*A**6 + 6*A**5 - 14*A**4 + 5*A**3 - 7*A**2 + 2*A - 1,,11ffdd9991d349aad9614ceb54e246aa512b3e469810e788f963ef59f6369b94,-A**10 + 2*A**9 - 7*A**8 + 5*A**7 - 14*A**6 + 6*A**5 - 14*A**4 + 5*A**3 - 7*A**2 + 2*A - 1,True,True,True
28,random_0025,random_cycle_chord,crossing_rich,2,6,9,4,3,b69d8264b782973d2afe61630b5288d69e883119630ef3ab074513e252f9e05d,-A**8 + A**7 - 3*A**6 + 2*A**5 - 4*A**4 + 2*A**3 - 3*A**2 + A - 1,,b69d8264b782973d2afe61630b5288d69e883119630ef3ab074513e252f9e05d,-A**8 + A**7 - 3*A**6 + 2*A**5 - 4*A**4 + 2*A**3 - 3*A**2 + A - 1,True,True,True
29,random_0026,random_cycle_chord,crossing_rich,5,8,12,5,3,089d84f99133699207cc0f9d7e402be7645958dc77e158369a45d427e25b14e1,A**12 + A**11 - A**10 + 7*A**9 - 7*A**8 + 13*A**7 - 10*A**6 + 13*A**5 - 7*A**4 + 7*A**3 - A**2 + A + 1,,089d84f99133699207cc0f9d7e402be7645958dc77e158369a45d427e25b14e1,A**12 + A**11 - A**10 + 7*A**9 - 7*A**8 + 13*A**7 - 10*A**6 + 13*A**5 - 7*A**4 + 7*A**3 - A**2 + A + 1,True,True,True
30,random_0027,random_cycle_chord,crossing_rich,5,10,15,6,3,7605a90a23082a4e7231146e169d55d85b61ef0deac86e6ec69b26f2ee0fe74e,-A**12 + 3*A**11 - 10*A**10 + 14*A**9 - 26*A**8 + 25*A**7 - 34*A**6 + 25*A**5 - 26*A**4 + 14*A**3 - 10*A**2 + 3*A - 1,,7605a90a23082a4e7231146e169d55d85b61ef0deac86e6ec69b26f2ee0fe74e,-A**12 + 3*A**11 - 10*A**10 + 14*A**9 - 26*A**8 + 25*A**7 - 34*A**6 + 25*A**5 - 26*A**4 + 14*A**3 - 10*A**2 + 3*A - 1,True,True,True
31,random_0028,random_cycle_chord,crossing_rich,2,6,9,4,3,ab786a8c2e20c7c562a6eb8cc9666f3a3e19adceb6291da376f78f2e1932e355,-A**8 + A**7 - 3*A**6 + 2*A**5 - 4*A**4 + 2*A**3 - 3*A**2 + A - 1,,ab786a8c2e20c7c562a6eb8cc9666f3a3e19adceb6291da376f78f2e1932e355,-A**8 + A**7 - 3*A**6 + 2*A**5 - 4*A**4 + 2*A**3 - 3*A**2 + A - 1,True,True,True
32,random_0029,random_cycle_chord,crossing_rich,2,6,9,4,3,c567e92253220c73324e94468ee45023cd8780f23ba5423b635aa58cda3eb583,-A**8 + A**7 - 3*A**6 + 2*A**5 - 4*A**4 + 2*A**3 - 3*A**2 + A - 1,,c567e92253220c73324e94468ee45023cd8780f23ba5423b635aa58cda3eb583,,,True,True
33,random_0030,random_cycle_chord,crossing_rich,4,8,12,5,3,9a10ddeaf01995361868351bd39dd40f948fe3d5434e977216f063fc2b1fe71f,-A**10 + 2*A**9 - 7*A**8 + 5*A**7 - 14*A**6 + 6*A**5 - 14*A**4 + 5*A**3 - 7*A**2 + 2*A - 1,,9a10ddeaf01995361868351bd39dd40f948fe3d5434e977216f063fc2b1fe71f,-A**10 + 2*A**9 - 7*A**8 + 5*A**7 - 14*A**6 + 6*A**5 - 14*A**4 + 5*A**3 - 7*A**2 + 2*A - 1,True,True,True
34,random_0031,random_cycle_chord,baseline,0,4,6,3,3,cbf3fad76e45e1567698830b1bab2a7cbccfce65e2580c2956ac8a190de539c2,-A**6 - A**5 - 3*A**4 - 2*A**3 - 3*A**2 - A - 1,,cbf3fad76e45e1567698830b1bab2a7cbccfce65e2580c2956ac8a190de539c2,-A**6 - A**5 - 3*A**4 - 2*A**3 - 3*A**2 - A - 1,True,True,True
35,random_0032,random_cycle_chord,baseline,0,4,6,3,3,53b6bc65e3f09c8b31eb26ebdc26a6b1faccdcaeb288bbf8d2fdbc8115e761e9,-A**6 - A**5 - 3*A**4 - 2*A**3 - 3*A**2 - A - 1,,53b6bc65e3f09c8b31eb26ebdc26a6b1faccdcaeb288bbf8d2fdbc8115e761e9,-A**6 - A**5 - 3*A**4 - 2*A**3 - 3*A**2 - A - 1,True,True,True
36,random_0033,random_cycle_chord,baseline,0,4,6,3,3,e52e72bd509e8b47bce9d7e17d6bf46acff889c7f7773b7d928485480920741d,-A**6 - A**5 - 3*A**4 - 2*A**3 - 3*A**2 - A - 1,,e52e72bd509e8b47bce9d7e17d6bf46acff889c7f7773b7d928485480920741d,-A**6 - A**5 - 3*A**4 - 2*A**3 - 3*A**2 - A - 1,True,True,True
37,random_0034,random_cycle_chord,crossing_rich,8,12,18,7,3,8a42a7bccd65f1d4125c5ad81b83f1ea52966c2ad44be5a760c591210de57a33,A**16 - 2*A**15 - 3*A**14 + 17*A**13 - 43*A**12 + 75*A**11 - 101*A**10 + 121*A**9 - 117*A**8 + 107*A**7 - 74*A**6 + 47*A**5 - 16*A**4 + 3*A**3 + 4*A**2 - 2*A + 1,,8a42a7bccd65f1d4125c5ad81b83f1ea52966c2ad44be5a760c591210de57a33,A**16 - 2*A**15 - 3*A**14 + 17*A**13 - 43*A**12 + 75*A**11 - 101*A**10 + 121*A**9 - 117*A**8 + 107*A**7 - 74*A**6 + 47*A**5 - 16*A**4 + 3*A**3 + 4*A**2 - 2*A + 1,True,True,True
38,random_0035,random_cycle_chord,baseline,0,6,9,4,3,145269ee77708d00d54cfcedd886b37bd8c11944a29c7dd85e27287279b896df,-A**8 - A**7 - 4*A**6 - 3*A**5 - 6*A**4 - 3*A**3 - 4*A**2 - A - 1,,145269ee77708d00d54cfcedd886b37bd8c11944a29c7dd85e27287279b896df,-A**8 - A**7 - 4*A**6 - 3*A**5 - 6*A**4 - 3*A**3 - 4*A**2 - A - 1,True,True,True
39,random_0036,random_cycle_chord,crossing_rich,4,8,12,5,3,4f1b83b877010a508d308f02953caad0a9cddb572124ee9a32062a1da9b3c5d0,-A**10 + 2*A**9 - 7*A**8 + 5*A**7 - 14*A**6 + 6*A**5 - 14*A**4 + 5*A**3 - 7*A**2 + 2*A - 1,,4f1b83b877010a508d308f02953caad0a9cddb572124ee9a32062a1da9b3c5d0,,,True,True
40,random_0037,random_cycle_chord,crossing_rich,2,6,9,4,3,e7af7f1a45d3ceeccfb8e4f3af37111b39d79e0279336784f672bcb13a2d86ca,-A**8 + A**7 - 3*A**6 + 2*A**5 - 4*A**4 + 2*A**3 - 3*A**2 + A - 1,,e7af7f1a45d3ceeccfb8e4f3af37111b39d79e0279336784f672bcb13a2d86ca,-A**8 + A**7 - 3*A**6 + 2*A**5 - 4*A**4 + 2*A**3 - 3*A**2 + A - 1,True,True,True
41,random_0038,random_cycle_chord,crossing_rich,4,8,12,5,3,b45b7d3180c0c4a671e0c12a733126ce5e9320e58066196282e69e944777f703,-A**10 + 2*A**9 - 7*A**8 + 5*A**7 - 14*A**6 + 6*A**5 - 14*A**4 + 5*A**3 - 7*A**2 + 2*A - 1,,b45b7d3180c0c4a671e0c12a733126ce5e9320e58066196282e69e944777f703,-A**10 + 2*A**9 - 7*A**8 + 5*A**7 - 14*A**6 + 6*A**5 - 14*A**4 + 5*A**3 - 7*A**2 + 2*A - 1,True,True,True
42,random_0039,random_cycle_chord,crossing_rich,5,10,15,6,3,00994e170fd3b09267d9ec6a57fc460500b686d9fc62a2e5473b024b36aa6c9b,A**16 + 4*A**14 + 4*A**13 - A**12 + 20*A**11 - 20*A**10 + 36*A**9 - 34*A**8 + 36*A**7 - 29*A**6 + 20*A**5 - 12*A**4 + 3*A**3 - 2*A**2 - A - 1,,00994e170fd3b09267d9ec6a57fc460500b686d9fc62a2e5473b024b36aa6c9b,A**16 + 4*A**14 + 4*A**13 - A**12 + 20*A**11 - 20*A**10 + 36*A**9 - 34*A**8 + 36*A**7 - 29*A**6 + 20*A**5 - 12*A**4 + 3*A**3 - 2*A**2 - A - 1,True,True,True
43,random_0040,random_cycle_chord,baseline,0,4,6,3,3,8deb9e92c07b75a11a040c242e8f03d4efdff76d585107937591e65d32b8b7a7,-A**6 - A**5 - 3*A**4 - 2*A**3 - 3*A**2 - A - 1,,8deb9e92c07b75a11a040c242e8f03d4efdff76d585107937591e65d32b8b7a7,-A**6 - A**5 - 3*A**4 - 2*A**3 - 3*A**2 - A - 1,True,True,True
44,random_0041,random_cycle_chord,crossing_rich,4,8,12,5,3,0e23df093a98f9131ebd538e898e4849a41a185f2d1d6913dbfa479ca1ea4840,A**12 + 2*A**11 - 2*A**10 + 8*A**9 - 8*A**8 + 13*A**7 - 9*A**6 + 13*A**5 - 4*A**4 + 7*A**3 + A**2 + A + 1,,0e23df093a98f9131ebd538e898e4849a41a185f2d1d6913dbfa479ca1ea4840,A**12 + 2*A**11 - 2*A**10 + 8*A**9 - 8*A**8 + 13*A**7 - 9*A**6 + 13*A**5 - 4*A**4 + 7*A**3 + A**2 + A + 1,True,True,True
45,random_0042,random_cycle_chord,baseline,0,4,6,3,3,4ac11346d4a0c7343818d5de206ac20e05da0bcfbc3448cfd2f5849a0c4f583e,-A**6 - A**5 - 3*A**4 - 2*A**3 - 3*A**2 - A - 1,,4ac11346d4a0c7343818d5de206ac20e05da0bcfbc3448cfd2f5849a0c4f583e,-A**6 - A**5 - 3*A**4 - 2*A**3 - 3*A**2 - A - 1,True,True,True
46,random_0043,random_cycle_chord,crossing_rich,4,8,12,5,3,5cc16f5430f1bd5cf87c5c360b046d980fa280dec5ac43aa8a52ebdde6a4fe28,A**12 + A**11 + A**10 + 7*A**9 - 4*A**8 + 13*A**7 - 9*A**6 + 13*A**5 - 8*A**4 + 8*A**3 - 2*A**2 + 2*A + 1,,5cc16f5430f1bd5cf87c5c360b046d980fa280dec5ac43aa8a52ebdde6a4fe28,A**12 + A**11 + A**10 + 7*A**9 - 4*A**8 + 13*A**7 - 9*A**6 + 13*A**5 - 8*A**4 + 8*A**3 - 2*A**2 + 2*A + 1,True,True,True
47,random_0044,random_cycle_chord,crossing_rich,4,8,12,5,3,7c2b38cdc07d9510d5002d47ab642ce6825947f16ecb51d567bab291aee089a5,A**12 + 2*A**11 - 2*A**10 + 8*A**9 - 8*A**8 + 13*A**7 - 9*A**6 + 13*A**5 - 4*A**4 + 7*A**3 + A**2 + A + 1,,7c2b38cdc07d9510d5002d47ab642ce6825947f16ecb51d567bab291aee089a5,A**12 + 2*A**11 - 2*A**10 + 8*A**9 - 8*A**8 + 13*A**7 - 9*A**6 + 13*A**5 - 4*A**4 + 7*A**3 + A**2 + A + 1,True,True,True
48,random_0045,random_cycle_chord,baseline,0,4,6,3,3,8006dfb4efa106a0ebb1f542088668a2b088f96b0e5ffad2aacc2f191d3401f0,-A**6 - A**5 - 3*A**4 - 2*A**3 - 3*A**2 - A - 1,,8006dfb4efa106a0ebb1f542088668a2b088f96b0e5ffad2aacc2f191d3401f0,-A**6 - A**5 - 3*A**4 - 2*A**3 - 3*A**2 - A - 1,True,True,True
49,random_0046,random_cycle_chord,crossing_rich,9,12,18,7,3,7b54196ee3c2ab3153fe0617d7ad20bc3d45c0495ab1339fc582a7df22ed1645,-A**14 + 4*A**13 - 16*A**12 + 33*A**11 - 61*A**10 + 83*A**9 - 105*A**8 + 108*A**7 - 105*A**6 + 83*A**5 - 61*A**4 + 33*A**3 - 16*A**2 + 4*A - 1,,7b54196ee3c2ab3153fe0617d7ad20bc3d45c0495ab1339fc582a7df22ed1645,-A**14 + 4*A**13 - 16*A**12 + 33*A**11 - 61*A**10 + 83*A**9 - 105*A**8 + 108*A**7 - 105*A**6 + 83*A**5 - 61*A**4 + 33*A**3 - 16*A**2 + 4*A - 1,True,True,True
50,random_0047,random_cycle_chord,crossing_rich,5,10,15,6,3,33fa671d694f4fb16e94350730e60f4d39dd3f9c5eb16285a43f9fba5438bc7b,-A**16 - A**15 - 2*A**14 + 3*A**13 - 12*A**12 + 20*A**11 - 29*A**10 + 36*A**9 - 34*A**8 + 36*A**7 - 20*A**6 + 20*A**5 - A**4 + 4*A**3 + 4*A**2 + 1,,33fa671d694f4fb16e94350730e60f4d39dd3f9c5eb16285a43f9fba5438bc7b,-A**16 - A**15 - 2*A**14 + 3*A**13 - 12*A**12 + 20*A**11 - 29*A**10 + 36*A**9 - 34*A**8 + 36*A**7 - 20*A**6 + 20*A**5 - A**4 + 4*A**3 + 4*A**2 + 1,True,True,True
51,random_0048,random_cycle_chord,crossing_rich,2,6,9,4,3,d8d7778681876351f3ce819a1644b22e0c2a3274dbd3239731859746da4531ee,-A**8 + A**7 - 3*A**6 + 2*A**5 - 4*A**4 + 2*A**3 - 3*A**2 + A - 1,,d8d7778681876351f3ce819a1644b22e0c2a3274dbd3239731859746da4531ee,-A**8 + A**7 - 3*A**6 + 2*A**5 - 4*A**4 + 2*A**3 - 3*A**2 + A - 1,True,True,True
52,random_0049,random_cycle_chord,crossing_rich,6,10,15,6,3,f69630c8a16637665aca8df2d1c3396980db2545ac6aada3fb5bfcb19aae2cf1,,RuntimeError: All projection samples failed: sample 0: Found overlapping (colinear) projected segments; sample 1: Nongeneric projection: crossing strands are numerically tangent.; sample 2: Nongeneric projection: crossing strands are numerically tangent.; sample 3: Nongeneric projection: crossing strands are numerically tangent.; sample 4: Nongeneric projection: crossing strands are numerically tangent.; sample 5: Nongeneric projection: crossing strands are numerically tangent.,,,,True,True
53,random_0050,random_cycle_chord,crossing_rich,8,12,18,7,3,f8527f138f2607cf21a0b6c1e83d6b4c6991bc66d9000158d21e0bb58e2a054e,,RuntimeError: All projection samples failed: sample 0: Found overlapping (colinear) projected segments; sample 1: Nongeneric projection: crossing strands are numerically tangent.; sample 2: Nongeneric projection: crossing strands are numerically tangent.; sample 3: Nongeneric projection: crossing strands are numerically tangent.; sample 4: Nongeneric projection: crossing strands are numerically tangent.; sample 5: Nongeneric projection: crossing strands are numerically tangent.,,,,True,True
54,random_0051,random_cycle_chord,baseline,0,4,6,3,3,8aba9d2e0bd3e14569e7d63ca9a96cb32765f10ae4f3cf60a878884c48587a1a,-A**6 - A**5 - 3*A**4 - 2*A**3 - 3*A**2 - A - 1,,8aba9d2e0bd3e14569e7d63ca9a96cb32765f10ae4f3cf60a878884c48587a1a,-A**6 - A**5 - 3*A**4 - 2*A**3 - 3*A**2 - A - 1,True,True,True
55,random_0052,random_cycle_chord,baseline,0,4,6,3,3,66f7d16f9059fb5613cf2016f8cf6a318f0d9a13c6cb85cb6527a385206a1fc3,-A**6 - A**5 - 3*A**4 - 2*A**3 - 3*A**2 - A - 1,,66f7d16f9059fb5613cf2016f8cf6a318f0d9a13c6cb85cb6527a385206a1fc3,-A**6 - A**5 - 3*A**4 - 2*A**3 - 3*A**2 - A - 1,True,True,True
56,random_0053,random_cycle_chord,crossing_rich,6,10,15,6,3,a1fa9b897bda57ca476daaf4515133e3633dad37f0f1cefde73a22bc2d2f8837,-A**12 + 3*A**11 - 11*A**10 + 15*A**9 - 29*A**8 + 27*A**7 - 38*A**6 + 27*A**5 - 29*A**4 + 15*A**3 - 11*A**2 + 3*A - 1,,a1fa9b897bda57ca476daaf4515133e3633dad37f0f1cefde73a22bc2d2f8837,-A**12 + 3*A**11 - 11*A**10 + 15*A**9 - 29*A**8 + 27*A**7 - 38*A**6 + 27*A**5 - 29*A**4 + 15*A**3 - 11*A**2 + 3*A - 1,True,True,True
57,random_0054,random_cycle_chord,crossing_rich,6,10,15,6,3,9f1f44daae6d21a84596e547177008e2cc79e422f1605797a8eb045c2b4864ab,-A**12 + 3*A**11 - 11*A**10 + 15*A**9 - 29*A**8 + 27*A**7 - 38*A**6 + 27*A**5 - 29*A**4 + 15*A**3 - 11*A**2 + 3*A - 1,,9f1f44daae6d21a84596e547177008e2cc79e422f1605797a8eb045c2b4864ab,,,True,True
58,random_0055,random_cycle_chord,crossing_rich,6,10,15,6,3,206678687b0405e83609e3be1cd69580337c25632d44da3b59b393b8e5d317e3,2*A**14 - 2*A**13 + 2*A**12 + 8*A**11 - 15*A**10 + 32*A**9 - 34*A**8 + 44*A**7 - 34*A**6 + 32*A**5 - 15*A**4 + 8*A**3 + 2*A**2 - 2*A + 2,,206678687b0405e83609e3be1cd69580337c25632d44da3b59b393b8e5d317e3,2*A**14 - 2*A**13 + 2*A**12 + 8*A**11 - 15*A**10 + 32*A**9 - 34*A**8 + 44*A**7 - 34*A**6 + 32*A**5 - 15*A**4 + 8*A**3 + 2*A**2 - 2*A + 2,True,True,True
59,random_0056,random_cycle_chord,crossing_rich,3,8,12,5,3,66aedcad541f60234b8e569f1b713a7218cc6aa7161803b8d8a67cd4c13ee3c8,-A**10 + 2*A**9 - 5*A**8 + 6*A**7 - 9*A**6 + 8*A**5 - 9*A**4 + 6*A**3 - 5*A**2 + 2*A - 1,,66aedcad541f60234b8e569f1b713a7218cc6aa7161803b8d8a67cd4c13ee3c8,-A**10 + 2*A**9 - 5*A**8 + 6*A**7 - 9*A**6 + 8*A**5 - 9*A**4 + 6*A**3 - 5*A**2 + 2*A - 1,True,True,True
60,random_0057,random_cycle_chord,baseline,0,4,6,3,3,fd3108719b27080fae034e721b092a7894214b66b0f1b710c8505e40441b700e,-A**6 - A**5 - 3*A**4 - 2*A**3 - 3*A**2 - A - 1,,fd3108719b27080fae034e721b092a7894214b66b0f1b710c8505e40441b700e,-A**6 - A**5 - 3*A**4 - 2*A**3 - 3*A**2 - A - 1,True,True,True
61,random_0058,random_cycle_chord,crossing_rich,5,10,15,6,3,dd5b5a6b474439fcb5cf3b6fcb234da00974214f6ac7e22ad95c72408c81728d,-A**12 + 3*A**11 - 10*A**10 + 14*A**9 - 26*A**8 + 25*A**7 - 34*A**6 + 25*A**5 - 26*A**4 + 14*A**3 - 10*A**2 + 3*A - 1,,dd5b5a6b474439fcb5cf3b6fcb234da00974214f6ac7e22ad95c72408c81728d,-A**12 + 3*A**11 - 10*A**10 + 14*A**9 - 26*A**8 + 25*A**7 - 34*A**6 + 25*A**5 - 26*A**4 + 14*A**3 - 10*A**2 + 3*A - 1,True,True,True
62,random_0059,random_cycle_chord,crossing_rich,9,12,18,7,3,7f29bc1aaca52c81faf45aae96fa353791ec8deb114eb9b60594fc8ab5c10066,,RuntimeError: All projection samples failed: sample 0: Found overlapping (colinear) projected segments; sample 1: Nongeneric projection: crossing strands are numerically tangent.; sample 2: Nongeneric projection: crossing strands are numerically tangent.; sample 3: Nongeneric projection: crossing strands are numerically tangent.; sample 4: Nongeneric projection: crossing strands are numerically tangent.; sample 5: Nongeneric projection: crossing strands are numerically tangent.,,,,True,True
63,random_0060,random_cycle_chord,baseline,0,4,6,3,3,77f6ec306bec44e16906fc51fbe8fae56c4a7fd9684e68bdb74384e7be41f372,-A**6 - A**5 - 3*A**4 - 2*A**3 - 3*A**2 - A - 1,,77f6ec306bec44e16906fc51fbe8fae56c4a7fd9684e68bdb74384e7be41f372,-A**6 - A**5 - 3*A**4 - 2*A**3 - 3*A**2 - A - 1,True,True,True
64,random_0061,random_cycle_chord,crossing_rich,2,6,9,4,3,6e9725ac66e578789c77246822d72334aee6ad668652612be584f12cab6e1c8c,-A**8 + A**7 - 3*A**6 + 2*A**5 - 4*A**4 + 2*A**3 - 3*A**2 + A - 1,,6e9725ac66e578789c77246822d72334aee6ad668652612be584f12cab6e1c8c,,,True,True
65,random_0062,random_cycle_chord,baseline,0,4,6,3,3,5c8d93b07c9ee8f3d15ab38d5a14c6c7a88de212e4c3bbeea0896cbab937e191,-A**6 - A**5 - 3*A**4 - 2*A**3 - 3*A**2 - A - 1,,5c8d93b07c9ee8f3d15ab38d5a14c6c7a88de212e4c3bbeea0896cbab937e191,-A**6 - A**5 - 3*A**4 - 2*A**3 - 3*A**2 - A - 1,True,True,True
66,random_0063,random_cycle_chord,crossing_rich,3,8,12,5,3,065b7af29ea593c55d9373a86e9afe2f40fbde1d0f44ef86bc6e4b8ed34560d4,-A**10 + 2*A**9 - 5*A**8 + 6*A**7 - 9*A**6 + 8*A**5 - 9*A**4 + 6*A**3 - 5*A**2 + 2*A - 1,,065b7af29ea593c55d9373a86e9afe2f40fbde1d0f44ef86bc6e4b8ed34560d4,-A**10 + 2*A**9 - 5*A**8 + 6*A**7 - 9*A**6 + 8*A**5 - 9*A**4 + 6*A**3 - 5*A**2 + 2*A - 1,True,True,True
67,random_0064,random_cycle_chord,baseline,0,4,6,3,3,492e87fb8d1e4c2744ab646780debc18915212a9fca6b1f6d50cace257bb1983,-A**6 - A**5 - 3*A**4 - 2*A**3 - 3*A**2 - A - 1,,492e87fb8d1e4c2744ab646780debc18915212a9fca6b1f6d50cace257bb1983,-A**6 - A**5 - 3*A**4 - 2*A**3 - 3*A**2 - A - 1,True,True,True
68,random_0065,random_cycle_chord,crossing_rich,9,12,18,7,3,1f5bac16dddd3291525a1a21da1bb9a2ac49b0fa9c9a2c67f4675c0443a14f4a,2*A**16 - 7*A**15 + 11*A**14 - 3*A**13 - 20*A**12 + 61*A**11 - 98*A**10 + 132*A**9 - 138*A**8 + 132*A**7 - 98*A**6 + 61*A**5 - 20*A**4 - 3*A**3 + 11*A**2 - 7*A + 2,,1f5bac16dddd3291525a1a21da1bb9a2ac49b0fa9c9a2c67f4675c0443a14f4a,2*A**16 - 7*A**15 + 11*A**14 - 3*A**13 - 20*A**12 + 61*A**11 - 98*A**10 + 132*A**9 - 138*A**8 + 132*A**7 - 98*A**6 + 61*A**5 - 20*A**4 - 3*A**3 + 11*A**2 - 7*A + 2,True,True,True
69,random_0066,random_cycle_chord,crossing_rich,2,6,9,4,3,e5eecbc96f829e918daff19d19dc8c86160837a92055df7715466b8cb1e089fc,-A**8 + A**7 - 3*A**6 + 2*A**5 - 4*A**4 + 2*A**3 - 3*A**2 + A - 1,,e5eecbc96f829e918daff19d19dc8c86160837a92055df7715466b8cb1e089fc,-A**8 + A**7 - 3*A**6 + 2*A**5 - 4*A**4 + 2*A**3 - 3*A**2 + A - 1,True,True,True
70,random_0067,random_cycle_chord,baseline,0,4,6,3,3,4f9e26e93d1c5179b226d87764f6e868748974a1786077d297f267aa73cde7ae,-A**6 - A**5 - 3*A**4 - 2*A**3 - 3*A**2 - A - 1,,4f9e26e93d1c5179b226d87764f6e868748974a1786077d297f267aa73cde7ae,-A**6 - A**5 - 3*A**4 - 2*A**3 - 3*A**2 - A - 1,True,True,True
71,random_0068,random_cycle_chord,baseline,0,4,6,3,3,09a311ede81e91a41282c14ab95a4eefede8c88243d4fa1930b8e6ca75b7b907,-A**6 - A**5 - 3*A**4 - 2*A**3 - 3*A**2 - A - 1,,09a311ede81e91a41282c14ab95a4eefede8c88243d4fa1930b8e6ca75b7b907,-A**6 - A**5 - 3*A**4 - 2*A**3 - 3*A**2 - A - 1,True,True,True
72,random_0069,random_cycle_chord,baseline,0,6,9,4,3,f6181d7b22619f976cb12ee8f6afc17841d6e3c4b78faf0855a4b3521e88ec7a,-A**8 - A**7 - 4*A**6 - 3*A**5 - 6*A**4 - 3*A**3 - 4*A**2 - A - 1,,f6181d7b22619f976cb12ee8f6afc17841d6e3c4b78faf0855a4b3521e88ec7a,-A**8 - A**7 - 4*A**6 - 3*A**5 - 6*A**4 - 3*A**3 - 4*A**2 - A - 1,True,True,True
73,random_0070,random_cycle_chord,crossing_rich,3,8,12,5,3,f36f3fed03b7a519c96f029d740ea2797d663cb2f46ed549780a7a5a1fdf6bfb,-A**10 + 2*A**9 - 5*A**8 + 6*A**7 - 9*A**6 + 8*A**5 - 9*A**4 + 6*A**3 - 5*A**2 + 2*A - 1,,f36f3fed03b7a519c96f029d740ea2797d663cb2f46ed549780a7a5a1fdf6bfb,-A**10 + 2*A**9 - 5*A**8 + 6*A**7 - 9*A**6 + 8*A**5 - 9*A**4 + 6*A**3 - 5*A**2 + 2*A - 1,True,True,True
74,random_0071,random_cycle_chord,crossing_rich,5,10,15,6,3,c22d22be152dc32fc7a5041b96f75f6d0de2ef379cfda2b86a2e0ecafd04c531,A**11 - 4*A**10 + 11*A**9 - 19*A**8 + 26*A**7 - 35*A**6 + 30*A**5 - 36*A**4 + 20*A**3 - 20*A**2 + 6*A - 4,,c22d22be152dc32fc7a5041b96f75f6d0de2ef379cfda2b86a2e0ecafd04c531,A**11 - 4*A**10 + 11*A**9 - 19*A**8 + 26*A**7 - 35*A**6 + 30*A**5 - 36*A**4 + 20*A**3 - 20*A**2 + 6*A - 4,True,True,True
75,random_0072,random_cycle_chord,crossing_rich,6,10,15,6,3,96d3444bba6ed76390fe99b5338b102517b226ebfd634b1ba03ef0ea7fe5178d,2*A**14 - 2*A**13 + 2*A**12 + 8*A**11 - 15*A**10 + 32*A**9 - 34*A**8 + 44*A**7 - 34*A**6 + 32*A**5 - 15*A**4 + 8*A**3 + 2*A**2 - 2*A + 2,,96d3444bba6ed76390fe99b5338b102517b226ebfd634b1ba03ef0ea7fe5178d,2*A**14 - 2*A**13 + 2*A**12 + 8*A**11 - 15*A**10 + 32*A**9 - 34*A**8 + 44*A**7 - 34*A**6 + 32*A**5 - 15*A**4 + 8*A**3 + 2*A**2 - 2*A + 2,True,True,True
76,random_0073,random_cycle_chord,baseline,0,4,6,3,3,84765373abb0ee55dcaa004bd04491e970795110d6742ddad91865d0521e3f36,-A**6 - A**5 - 3*A**4 - 2*A**3 - 3*A**2 - A - 1,,84765373abb0ee55dcaa004bd04491e970795110d6742ddad91865d0521e3f36,-A**6 - A**5 - 3*A**4 - 2*A**3 - 3*A**2 - A - 1,True,True,True
77,random_0074,random_cycle_chord,crossing_rich,3,8,12,5,3,bdc08fab7ea04ca3aa2cf139b5f867eb8decd2db03898451a74aeb61af5d235a,-A**10 + 2*A**9 - 5*A**8 + 6*A**7 - 9*A**6 + 8*A**5 - 9*A**4 + 6*A**3 - 5*A**2 + 2*A - 1,,bdc08fab7ea04ca3aa2cf139b5f867eb8decd2db03898451a74aeb61af5d235a,-A**10 + 2*A**9 - 5*A**8 + 6*A**7 - 9*A**6 + 8*A**5 - 9*A**4 + 6*A**3 - 5*A**2 + 2*A - 1,True,True,True
78,random_0075,random_cycle_chord,baseline,0,4,6,3,3,7007b47098ed32052df70a6b2c7b9c6956a50f0648c699061ccbdca8660ea936,-A**6 - A**5 - 3*A**4 - 2*A**3 - 3*A**2 - A - 1,,7007b47098ed32052df70a6b2c7b9c6956a50f0648c699061ccbdca8660ea936,-A**6 - A**5 - 3*A**4 - 2*A**3 - 3*A**2 - A - 1,True,True,True
79,random_0076,random_cycle_chord,crossing_rich,2,6,9,4,3,d5c4a76784c76876ee6de6e21d667c9ee5d5502e1e68cc5fea03f044c3aefe36,-A**8 + A**7 - 3*A**6 + 2*A**5 - 4*A**4 + 2*A**3 - 3*A**2 + A - 1,,d5c4a76784c76876ee6de6e21d667c9ee5d5502e1e68cc5fea03f044c3aefe36,-A**8 + A**7 - 3*A**6 + 2*A**5 - 4*A**4 + 2*A**3 - 3*A**2 + A - 1,True,True,True
80,random_0077,random_cycle_chord,crossing_rich,4,8,12,5,3,de8de409d3276820bfe26d8e20b51329b589b7d75c9ac5fe20f7e3a2d28c3453,-A**10 + 2*A**9 - 7*A**8 + 5*A**7 - 14*A**6 + 6*A**5 - 14*A**4 + 5*A**3 - 7*A**2 + 2*A - 1,,de8de409d3276820bfe26d8e20b51329b589b7d75c9ac5fe20f7e3a2d28c3453,-A**10 + 2*A**9 - 7*A**8 + 5*A**7 - 14*A**6 + 6*A**5 - 14*A**4 + 5*A**3 - 7*A**2 + 2*A - 1,True,True,True
81,random_0078,random_cycle_chord,crossing_rich,2,6,9,4,3,9b52fea8b5378d22ba42277403caf109f01a1f2612260654345ed4e769bd0011,-A**8 + A**7 - 3*A**6 + 2*A**5 - 4*A**4 + 2*A**3 - 3*A**2 + A - 1,,9b52fea8b5378d22ba42277403caf109f01a1f2612260654345ed4e769bd0011,-A**8 + A**7 - 3*A**6 + 2*A**5 - 4*A**4 + 2*A**3 - 3*A**2 + A - 1,True,True,True
82,random_0079,random_cycle_chord,crossing_rich,6,10,15,6,3,b5ce5b6c68305dd4fe4ef13b07fa08142a275e52656b3621f2b4097d01d6ad0b,2*A**18 - 3*A**17 + 7*A**16 - A**15 - 4*A**14 + 22*A**13 - 30*A**12 + 43*A**11 - 41*A**10 + 40*A**9 - 27*A**8 + 17*A**7 - 3*A**6 + 4*A**4 + A**3 + A**2 + A + 1,,b5ce5b6c68305dd4fe4ef13b07fa08142a275e52656b3621f2b4097d01d6ad0b,2*A**18 - 3*A**17 + 7*A**16 - A**15 - 4*A**14 + 22*A**13 - 30*A**12 + 43*A**11 - 41*A**10 + 40*A**9 - 27*A**8 + 17*A**7 - 3*A**6 + 4*A**4 + A**3 + A**2 + A + 1,True,True,True
83,random_0080,random_cycle_chord,crossing_rich,5,10,15,6,3,edd4aca8c9b8011147fdb3d1f0f065d199cec93c6a6db9c2f27dabef681910ce,A**14 + A**13 - 3*A**12 + 12*A**11 - 18*A**10 + 29*A**9 - 30*A**8 + 35*A**7 - 26*A**6 + 24*A**5 - 10*A**4 + 7*A**3 + A**2 + 1,,edd4aca8c9b8011147fdb3d1f0f065d199cec93c6a6db9c2f27dabef681910ce,A**14 + A**13 - 3*A**12 + 12*A**11 - 18*A**10 + 29*A**9 - 30*A**8 + 35*A**7 - 26*A**6 + 24*A**5 - 10*A**4 + 7*A**3 + A**2 + 1,True,True,True
84,random_0081,random_cycle_chord,crossing_rich,2,6,9,4,3,4288d5510f650d9a914ef521b78a4c3279895e314f56cdfecdef91213718c732,-A**8 + A**7 - 3*A**6 + 2*A**5 - 4*A**4 + 2*A**3 - 3*A**2 + A - 1,,4288d5510f650d9a914ef521b78a4c3279895e314f56cdfecdef91213718c732,-A**8 + A**7 - 3*A**6 + 2*A**5 - 4*A**4 + 2*A**3 - 3*A**2 + A - 1,True,True,True
85,random_0082,random_cycle_chord,crossing_rich,3,8,12,5,3,1daffe71f68bc67020918fe72a1582db9b5b12620644d47b876947817fff6a9f,-A**10 + 2*A**9 - 5*A**8 + 6*A**7 - 9*A**6 + 8*A**5 - 9*A**4 + 6*A**3 - 5*A**2 + 2*A - 1,,1daffe71f68bc67020918fe72a1582db9b5b12620644d47b876947817fff6a9f,-A**10 + 2*A**9 - 5*A**8 + 6*A**7 - 9*A**6 + 8*A**5 - 9*A**4 + 6*A**3 - 5*A**2 + 2*A - 1,True,True,True
86,random_0083,random_cycle_chord,crossing_rich,6,10,15,6,3,37faef6ba076af1385c140aeaf3fadc0cd203e67f9ab4bfb6200ddc4de7cb4bc,-A**12 + 3*A**11 - 11*A**10 + 15*A**9 - 29*A**8 + 27*A**7 - 38*A**6 + 27*A**5 - 29*A**4 + 15*A**3 - 11*A**2 + 3*A - 1,,37faef6ba076af1385c140aeaf3fadc0cd203e67f9ab4bfb6200ddc4de7cb4bc,-A**12 + 3*A**11 - 11*A**10 + 15*A**9 - 29*A**8 + 27*A**7 - 38*A**6 + 27*A**5 - 29*A**4 + 15*A**3 - 11*A**2 + 3*A - 1,True,True,True
87,random_0084,random_cycle_chord,crossing_rich,2,6,9,4,3,385c03995288153ce4fe044c8d7e1fd06aad4f1c4d28309043692e94f05d6228,-A**8 + A**7 - 3*A**6 + 2*A**5 - 4*A**4 + 2*A**3 - 3*A**2 + A - 1,,385c03995288153ce4fe044c8d7e1fd06aad4f1c4d28309043692e94f05d6228,-A**8 + A**7 - 3*A**6 + 2*A**5 - 4*A**4 + 2*A**3 - 3*A**2 + A - 1,True,True,True
88,random_0085,random_cycle_chord,crossing_rich,2,6,9,4,3,bb637470ed4bd6ec6ae2cabb26ac60138a483510658caa78a0339feabcdcf082,-A**8 + A**7 - 3*A**6 + 2*A**5 - 4*A**4 + 2*A**3 - 3*A**2 + A - 1,,bb637470ed4bd6ec6ae2cabb26ac60138a483510658caa78a0339feabcdcf082,-A**8 + A**7 - 3*A**6 + 2*A**5 - 4*A**4 + 2*A**3 - 3*A**2 + A - 1,True,True,True
89,random_0086,random_cycle_chord,baseline,0,6,9,4,3,a7646467c0340aca8a8c4e4f2054ea55fe3f2d965bc1c7a33b954fba37578998,-A**8 - A**7 - 4*A**6 - 3*A**5 - 6*A**4 - 3*A**3 - 4*A**2 - A - 1,,a7646467c0340aca8a8c4e4f2054ea55fe3f2d965bc1c7a33b954fba37578998,-A**8 - A**7 - 4*A**6 - 3*A**5 - 6*A**4 - 3*A**3 - 4*A**2 - A - 1,True,True,True
90,random_0087,random_cycle_chord,crossing_rich,2,6,9,4,3,15eec769d3eb8440229d69db254a901307261495f0d43476c3324f3ccfca7462,-A**8 + A**7 - 3*A**6 + 2*A**5 - 4*A**4 + 2*A**3 - 3*A**2 + A - 1,,15eec769d3eb8440229d69db254a901307261495f0d43476c3324f3ccfca7462,-A**8 + A**7 - 3*A**6 + 2*A**5 - 4*A**4 + 2*A**3 - 3*A**2 + A - 1,True,True,True
91,random_0088,random_cycle_chord,baseline,0,8,12,5,3,3554203f13c6db79ac7eb7ed35aa2525de6eea8a4d9b77b57bfbca5495c169cf,-A**10 - A**9 - 5*A**8 - 4*A**7 - 10*A**6 - 6*A**5 - 10*A**4 - 4*A**3 - 5*A**2 - A - 1,,3554203f13c6db79ac7eb7ed35aa2525de6eea8a4d9b77b57bfbca5495c169cf,-A**10 - A**9 - 5*A**8 - 4*A**7 - 10*A**6 - 6*A**5 - 10*A**4 - 4*A**3 - 5*A**2 - A - 1,True,True,True
92,random_0089,random_cycle_chord,crossing_rich,5,8,12,5,3,38cfa294a35a663dd9611858a788e3f5e63c8a530e2942ce01aa92e827d08f90,A**9 - 4*A**8 + 5*A**7 - 11*A**6 + 8*A**5 - 14*A**4 + 7*A**3 - 10*A**2 + 3*A - 3,,38cfa294a35a663dd9611858a788e3f5e63c8a530e2942ce01aa92e827d08f90,A**9 - 4*A**8 + 5*A**7 - 11*A**6 + 8*A**5 - 14*A**4 + 7*A**3 - 10*A**2 + 3*A - 3,True,True,True
93,random_0090,random_cycle_chord,crossing_rich,5,10,15,6,3,c7a7e85a94302675a6e5566d23597d4511a92fded371af0aee71f4cced699b21,4*A**11 - 6*A**10 + 20*A**9 - 20*A**8 + 36*A**7 - 30*A**6 + 35*A**5 - 26*A**4 + 19*A**3 - 11*A**2 + 4*A - 1,,c7a7e85a94302675a6e5566d23597d4511a92fded371af0aee71f4cced699b21,4*A**11 - 6*A**10 + 20*A**9 - 20*A**8 + 36*A**7 - 30*A**6 + 35*A**5 - 26*A**4 + 19*A**3 - 11*A**2 + 4*A - 1,True,True,True
94,random_0091,random_cycle_chord,baseline,0,6,9,4,3,2c718bd43c9e16be3880d205467cc399b9b65bf863d4862db2803313299f54c4,-A**8 - A**7 - 4*A**6 - 3*A**5 - 6*A**4 - 3*A**3 - 4*A**2 - A - 1,,2c718bd43c9e16be3880d205467cc399b9b65bf863d4862db2803313299f54c4,-A**8 - A**7 - 4*A**6 - 3*A**5 - 6*A**4 - 3*A**3 - 4*A**2 - A - 1,True,True,True
95,random_0092,random_cycle_chord,crossing_rich,4,8,12,5,3,6bfb2c35d4149449e65ce00286aa2c491ddb3931a72d34cbbc58f06ea6b6ab1f,A**12 + 2*A**11 - 2*A**10 + 8*A**9 - 8*A**8 + 13*A**7 - 9*A**6 + 13*A**5 - 4*A**4 + 7*A**3 + A**2 + A + 1,,6bfb2c35d4149449e65ce00286aa2c491ddb3931a72d34cbbc58f06ea6b6ab1f,A**12 + 2*A**11 - 2*A**10 + 8*A**9 - 8*A**8 + 13*A**7 - 9*A**6 + 13*A**5 - 4*A**4 + 7*A**3 + A**2 + A + 1,True,True,True
96,random_0093,random_cycle_chord,baseline,0,6,9,4,3,3daf7f68116a19ac61ecf07e213d2e0820d479fadd02fe960eb9c57195bbbb91,-A**8 - A**7 - 4*A**6 - 3*A**5 - 6*A**4 - 3*A**3 - 4*A**2 - A - 1,,3daf7f68116a19ac61ecf07e213d2e0820d479fadd02fe960eb9c57195bbbb91,-A**8 - A**7 - 4*A**6 - 3*A**5 - 6*A**4 - 3*A**3 - 4*A**2 - A - 1,True,True,True
97,random_0094,random_cycle_chord,crossing_rich,5,8,12,5,3,cf73feb2913537adb5306d92a1dd6e19c075f3aa8673083ce25a44d9c5ec6a74,A**12 + A**11 - A**10 + 7*A**9 - 7*A**8 + 13*A**7 - 10*A**6 + 13*A**5 - 7*A**4 + 7*A**3 - A**2 + A + 1,,cf73feb2913537adb5306d92a1dd6e19c075f3aa8673083ce25a44d9c5ec6a74,A**12 + A**11 - A**10 + 7*A**9 - 7*A**8 + 13*A**7 - 10*A**6 + 13*A**5 - 7*A**4 + 7*A**3 - A**2 + A + 1,True,True,True
98,random_0095,random_cycle_chord,baseline,0,6,9,4,3,5074d9b6784fbfbc2d2f9271ebe8cc31686bff5e3d251f15dd48764feb8a3773,-A**8 - A**7 - 4*A**6 - 3*A**5 - 6*A**4 - 3*A**3 - 4*A**2 - A - 1,,5074d9b6784fbfbc2d2f9271ebe8cc31686bff5e3d251f15dd48764feb8a3773,-A**8 - A**7 - 4*A**6 - 3*A**5 - 6*A**4 - 3*A**3 - 4*A**2 - A - 1,True,True,True
99,random_0096,random_cycle_chord,baseline,0,4,6,3,3,7142b1a70471399358412580f593de203ff5e1af3c23fa5310a8c7afff76c555,-A**6 - A**5 - 3*A**4 - 2*A**3 - 3*A**2 - A - 1,,7142b1a70471399358412580f593de203ff5e1af3c23fa5310a8c7afff76c555,-A**6 - A**5 - 3*A**4 - 2*A**3 - 3*A**2 - A - 1,True,True,True
